{"type": "FeatureCollection", "bbox": [7.339882, 47.072835, 8.032685, 47.502681], "features": [{"bbox": [7.340417, 47.074344, 8.031376, 47.502701], "geometry": {"coordinates": [[[[7.461362, 47.108168], [7.461379, 47.108138], [7.461679, 47.107366], [7.461928, 47.106725], [7.462215, 47.105988], [7.461952, 47.105915], [7.461962, 47.105888], [7.462244, 47.105144], [7.462342, 47.104886], [7.462512, 47.104437], [7.46279, 47.103699], [7.462801, 47.103673], [7.462066, 47.103475], [7.461812, 47.103406], [7.463481, 47.101453], [7.4635, 47.101429], [7.465293, 47.099326], [7.464544, 47.099129], [7.464241, 47.099049], [7.464263, 47.099022], [7.465594, 47.097385], [7.465631, 47.097339], [7.466143, 47.09669], [7.46653, 47.0962], [7.467061, 47.095528], [7.467108, 47.095463], [7.46714, 47.095419], [7.467282, 47.095223], [7.467308, 47.095186], [7.467501, 47.094921], [7.467544, 47.094863], [7.467914, 47.09435], [7.468352, 47.093745], [7.468401, 47.093757], [7.468644, 47.093443], [7.468826, 47.0932], [7.468893, 47.093111], [7.468945, 47.093042], [7.469095, 47.092841], [7.469159, 47.092754], [7.469656, 47.092047], [7.469928, 47.091716], [7.470361, 47.091191], [7.470797, 47.090641], [7.470815, 47.090542], [7.470827, 47.090469], [7.471337, 47.09029], [7.471664, 47.09017], [7.471816, 47.090114], [7.4722, 47.089972], [7.472886, 47.089719], [7.473492, 47.089499], [7.473764, 47.089516], [7.47385, 47.089521], [7.473869, 47.089522], [7.47377, 47.08936], [7.473841, 47.089142], [7.473751, 47.089022], [7.47371, 47.088967], [7.473777, 47.088807], [7.474061, 47.088667], [7.474148, 47.088519], [7.474357, 47.088392], [7.474325, 47.088218], [7.474551, 47.088018], [7.474596, 47.087859], [7.474738, 47.087679], [7.474769, 47.087639], [7.474862, 47.087436], [7.475004, 47.087252], [7.475082, 47.087086], [7.475098, 47.086713], [7.47498, 47.086516], [7.474935, 47.086373], [7.474801, 47.086218], [7.47466, 47.086146], [7.474586, 47.086009], [7.474427, 47.085934], [7.474317, 47.085806], [7.473879, 47.085651], [7.473781, 47.085518], [7.473626, 47.085308], [7.473492, 47.085103], [7.47336, 47.084998], [7.473252, 47.085], [7.473088, 47.084874], [7.473037, 47.084822], [7.472988, 47.084784], [7.472979, 47.084765], [7.472919, 47.08462], [7.472847, 47.084591], [7.472652, 47.084514], [7.471445, 47.083977], [7.471443, 47.083976], [7.471053, 47.083829], [7.47076, 47.083445], [7.470752, 47.083436], [7.470745, 47.083418], [7.47062, 47.08295], [7.470613, 47.082927], [7.470493, 47.082787], [7.470299, 47.082459], [7.470157, 47.082299], [7.470142, 47.082277], [7.469743, 47.081647], [7.469378, 47.081112], [7.468973, 47.080567], [7.468455, 47.079865], [7.468399, 47.079791], [7.468124, 47.079665], [7.467929, 47.079389], [7.467923, 47.079385], [7.467912, 47.079377], [7.467583, 47.079143], [7.467477, 47.079078], [7.467224, 47.079016], [7.466869, 47.078822], [7.466704, 47.078774], [7.466565, 47.078664], [7.466552, 47.07866], [7.46654, 47.078657], [7.466493, 47.078645], [7.466479, 47.078642], [7.466185, 47.078565], [7.466007, 47.078696], [7.465879, 47.07875], [7.465625, 47.078811], [7.465572, 47.078782], [7.4654, 47.078857], [7.465188, 47.078862], [7.465122, 47.078903], [7.465084, 47.078905], [7.464814, 47.078922], [7.464633, 47.078938], [7.464614, 47.078939], [7.464586, 47.078942], [7.464471, 47.078952], [7.464206, 47.078875], [7.464112, 47.078771], [7.464126, 47.0787], [7.463994, 47.078688], [7.463807, 47.078633], [7.463588, 47.078634], [7.463575, 47.07863], [7.463509, 47.078611], [7.463468, 47.078572], [7.463377, 47.078595], [7.463282, 47.078578], [7.462989, 47.078523], [7.462952, 47.078504], [7.462932, 47.078495], [7.462965, 47.078451], [7.462895, 47.078422], [7.462656, 47.07848], [7.462541, 47.07851], [7.462464, 47.078489], [7.46245, 47.078463], [7.462432, 47.078426], [7.462275, 47.078382], [7.462199, 47.078354], [7.462111, 47.078331], [7.462035, 47.078435], [7.461996, 47.078435], [7.461837, 47.078432], [7.461742, 47.078393], [7.461623, 47.0785], [7.46157, 47.078526], [7.461537, 47.078532], [7.461528, 47.078522], [7.461461, 47.078459], [7.461121, 47.078457], [7.460985, 47.07843], [7.460653, 47.078409], [7.46041, 47.07834], [7.460378, 47.078331], [7.45993, 47.078215], [7.459666, 47.078147], [7.459463, 47.07812], [7.459267, 47.078033], [7.459161, 47.078071], [7.459052, 47.078052], [7.459031, 47.078015], [7.458975, 47.077999], [7.458753, 47.077935], [7.458516, 47.077833], [7.458314, 47.077747], [7.458092, 47.077592], [7.458029, 47.077594], [7.457914, 47.077441], [7.45781, 47.077396], [7.457732, 47.077302], [7.457664, 47.077271], [7.457592, 47.077238], [7.455722, 47.075722], [7.455663, 47.075729], [7.455648, 47.075586], [7.45569, 47.075309], [7.455626, 47.075288], [7.454963, 47.075081], [7.454567, 47.074957], [7.454547, 47.074951], [7.454464, 47.074929], [7.454453, 47.074954], [7.454019, 47.075929], [7.454015, 47.075936], [7.453998, 47.075976], [7.452935, 47.075772], [7.45274, 47.075736], [7.45267, 47.075717], [7.45116, 47.075309], [7.44971, 47.075048], [7.448054, 47.074768], [7.44677, 47.074543], [7.445862, 47.074384], [7.445863, 47.074344], [7.445068, 47.074422], [7.444871, 47.074442], [7.444064, 47.0745], [7.443755, 47.074515], [7.443196, 47.074561], [7.443105, 47.07456], [7.441894, 47.074536], [7.441735, 47.074532], [7.440518, 47.074507], [7.44045, 47.074506], [7.440414, 47.074624], [7.440426, 47.074744], [7.440505, 47.075016], [7.440532, 47.075156], [7.440521, 47.075294], [7.440479, 47.07584], [7.440433, 47.075998], [7.44035, 47.076151], [7.440241, 47.076294], [7.440083, 47.076414], [7.4399, 47.076517], [7.439694, 47.076597], [7.439173, 47.07673], [7.438901, 47.076843], [7.43858, 47.077049], [7.438499, 47.077204], [7.437476, 47.077961], [7.437005, 47.078645], [7.436338, 47.079661], [7.436226, 47.079829], [7.435418, 47.080168], [7.435249, 47.080749], [7.43508, 47.08133], [7.435152, 47.081417], [7.435154, 47.081456], [7.435142, 47.081457], [7.435156, 47.081489], [7.435141, 47.081527], [7.435185, 47.081561], [7.435223, 47.081672], [7.435185, 47.081711], [7.435275, 47.081855], [7.435256, 47.081883], [7.435259, 47.081944], [7.435284, 47.081969], [7.435228, 47.082043], [7.435185, 47.082071], [7.435165, 47.082135], [7.43513, 47.082169], [7.435135, 47.08222], [7.435114, 47.082348], [7.435088, 47.082382], [7.435109, 47.082419], [7.435096, 47.082442], [7.435102, 47.08248], [7.435123, 47.082511], [7.435122, 47.082516], [7.435117, 47.082552], [7.435074, 47.082619], [7.435001, 47.082678], [7.435003, 47.082696], [7.434975, 47.082715], [7.434924, 47.082738], [7.434839, 47.082796], [7.434787, 47.082809], [7.434776, 47.08286], [7.434728, 47.082886], [7.434735, 47.082912], [7.434675, 47.08301], [7.434662, 47.083092], [7.434673, 47.083127], [7.434658, 47.083148], [7.434616, 47.083169], [7.434596, 47.083203], [7.434623, 47.083245], [7.434568, 47.083314], [7.434576, 47.083336], [7.434548, 47.083356], [7.434512, 47.083462], [7.434479, 47.083514], [7.434476, 47.083554], [7.434486, 47.083587], [7.434474, 47.083681], [7.4345, 47.083753], [7.434475, 47.083784], [7.434466, 47.08382], [7.434463, 47.08383], [7.43449, 47.083919], [7.434506, 47.083988], [7.434513, 47.084067], [7.434483, 47.084078], [7.434477, 47.084115], [7.434454, 47.084133], [7.434444, 47.084153], [7.434441, 47.084158], [7.434438, 47.084205], [7.434428, 47.084226], [7.434438, 47.084255], [7.4344, 47.084299], [7.434383, 47.084354], [7.434379, 47.084403], [7.434413, 47.084463], [7.434416, 47.084493], [7.434438, 47.084504], [7.434451, 47.084611], [7.434469, 47.084644], [7.434493, 47.084666], [7.434517, 47.084714], [7.434518, 47.084716], [7.434522, 47.084746], [7.434544, 47.084786], [7.434534, 47.084815], [7.434485, 47.084843], [7.434459, 47.084885], [7.434425, 47.08492], [7.434429, 47.084973], [7.434433, 47.08505], [7.434396, 47.085104], [7.434412, 47.085132], [7.434337, 47.085239], [7.434333, 47.085246], [7.434329, 47.085252], [7.434292, 47.08535], [7.434304, 47.085376], [7.434295, 47.085394], [7.434289, 47.085488], [7.434242, 47.085556], [7.434233, 47.085609], [7.434269, 47.085653], [7.434262, 47.085691], [7.434314, 47.085772], [7.434298, 47.085842], [7.434351, 47.085877], [7.434313, 47.085941], [7.434343, 47.08596], [7.434349, 47.08601], [7.434314, 47.086056], [7.434353, 47.086093], [7.434353, 47.086163], [7.434323, 47.086189], [7.434281, 47.086252], [7.434167, 47.086374], [7.433514, 47.086796], [7.433406, 47.086894], [7.433381, 47.086918], [7.433376, 47.086939], [7.43333, 47.086989], [7.433321, 47.087008], [7.433247, 47.087183], [7.433088, 47.087386], [7.433001, 47.087521], [7.432979, 47.087581], [7.432913, 47.08776], [7.432885, 47.0879], [7.432881, 47.087979], [7.432906, 47.088065], [7.433108, 47.088532], [7.433132, 47.088616], [7.433178, 47.088977], [7.433237, 47.089445], [7.433186, 47.089468], [7.433325, 47.089512], [7.433247, 47.089559], [7.433402, 47.089595], [7.433564, 47.089632], [7.433728, 47.089664], [7.433894, 47.089686], [7.434061, 47.089702], [7.434524, 47.089725], [7.434152, 47.090429], [7.43367, 47.091342], [7.434778, 47.091645], [7.435753, 47.091912], [7.435738, 47.091938], [7.435386, 47.092809], [7.435044, 47.093657], [7.435302, 47.093708], [7.436229, 47.093894], [7.437191, 47.094087], [7.437281, 47.094108], [7.43743, 47.094208], [7.437412, 47.094243], [7.437182, 47.094717], [7.437163, 47.094757], [7.437218, 47.09477], [7.437251, 47.09481], [7.437222, 47.095073], [7.437107, 47.095061], [7.436995, 47.095076], [7.436809, 47.095336], [7.436858, 47.095353], [7.436814, 47.095442], [7.43672, 47.095561], [7.436721, 47.095638], [7.436704, 47.09571], [7.43664, 47.095846], [7.436618, 47.095893], [7.43654, 47.096046], [7.436495, 47.096121], [7.436464, 47.096175], [7.436393, 47.096277], [7.435925, 47.096814], [7.435792, 47.097038], [7.435758, 47.0971], [7.43571, 47.097184], [7.435593, 47.097406], [7.435463, 47.097631], [7.435382, 47.097745], [7.434958, 47.098619], [7.434895, 47.098737], [7.434875, 47.098781], [7.434814, 47.098903], [7.434535, 47.09946], [7.434297, 47.09992], [7.434183, 47.100151], [7.434099, 47.100321], [7.434039, 47.100443], [7.434003, 47.100503], [7.428792, 47.099028], [7.423263, 47.097462], [7.423227, 47.097523], [7.423209, 47.097552], [7.422774, 47.098265], [7.422395, 47.098886], [7.420996, 47.098483], [7.42098, 47.098509], [7.420659, 47.099038], [7.420275, 47.099668], [7.419858, 47.099494], [7.419735, 47.099443], [7.419545, 47.099364], [7.419381, 47.099293], [7.419222, 47.099215], [7.418369, 47.09878], [7.41751, 47.098342], [7.417417, 47.098297], [7.417087, 47.098127], [7.416953, 47.098058], [7.416698, 47.097929], [7.416647, 47.097903], [7.415703, 47.097451], [7.415061, 47.097145], [7.414699, 47.096972], [7.414415, 47.096837], [7.413621, 47.096417], [7.412996, 47.096087], [7.412458, 47.095802], [7.412241, 47.095686], [7.412202, 47.095665], [7.4117, 47.095526], [7.410636, 47.095239], [7.410196, 47.095121], [7.409552, 47.094948], [7.409193, 47.094863], [7.408817, 47.094798], [7.407487, 47.094628], [7.406203, 47.094465], [7.40505, 47.0943], [7.403907, 47.094115], [7.402956, 47.093965], [7.401948, 47.093804], [7.401615, 47.093765], [7.400795, 47.093709], [7.400428, 47.093683], [7.399952, 47.093651], [7.399657, 47.09363], [7.39958, 47.093823], [7.399516, 47.093867], [7.399427, 47.093865], [7.398138, 47.093591], [7.397386, 47.093497], [7.397301, 47.093486], [7.397038, 47.093433], [7.396686, 47.093361], [7.396672, 47.093358], [7.396177, 47.093206], [7.39604, 47.093165], [7.395702, 47.093074], [7.395635, 47.093058], [7.395435, 47.093016], [7.395188, 47.092977], [7.394279, 47.09285], [7.393184, 47.092714], [7.393024, 47.092695], [7.392324, 47.092614], [7.39145, 47.092532], [7.391252, 47.092503], [7.390109, 47.092251], [7.390066, 47.092289], [7.390054, 47.092299], [7.389857, 47.093218], [7.389748, 47.093723], [7.389693, 47.093979], [7.389671, 47.094083], [7.389554, 47.094638], [7.389448, 47.095135], [7.388545, 47.09526], [7.387641, 47.095385], [7.387285, 47.095606], [7.386362, 47.096176], [7.385376, 47.096233], [7.384392, 47.096289], [7.384336, 47.095484], [7.383844, 47.095503], [7.38375, 47.095516], [7.383234, 47.095584], [7.382484, 47.095682], [7.382259, 47.095712], [7.38203, 47.095742], [7.382634, 47.096711], [7.382573, 47.097422], [7.382513, 47.098112], [7.382363, 47.09862], [7.382204, 47.099203], [7.381815, 47.100036], [7.381342, 47.101154], [7.380674, 47.102081], [7.380007, 47.103008], [7.379902, 47.103151], [7.379193, 47.104143], [7.379198, 47.104233], [7.378797, 47.10505], [7.378931, 47.105078], [7.37926, 47.105146], [7.379272, 47.105235], [7.379323, 47.105587], [7.379238, 47.106209], [7.379162, 47.106303], [7.378812, 47.106648], [7.378488, 47.107004], [7.37836, 47.107144], [7.378351, 47.107154], [7.377899, 47.107599], [7.377358, 47.108132], [7.377325, 47.108165], [7.377242, 47.108247], [7.377132, 47.108248], [7.376741, 47.10827], [7.376239, 47.108327], [7.375886, 47.10837], [7.37564, 47.108927], [7.375405, 47.109467], [7.375167, 47.110036], [7.374942, 47.110574], [7.374687, 47.111186], [7.374399, 47.111877], [7.374155, 47.111746], [7.374103, 47.111798], [7.373997, 47.111903], [7.373629, 47.112865], [7.373078, 47.11298], [7.372572, 47.113156], [7.372107, 47.113375], [7.371465, 47.113766], [7.371392, 47.114038], [7.37133, 47.114119], [7.370687, 47.114768], [7.370501, 47.115114], [7.370444, 47.115229], [7.370444, 47.115384], [7.370274, 47.11549], [7.370049, 47.115571], [7.369708, 47.115957], [7.369789, 47.11598], [7.370536, 47.116178], [7.370922, 47.116324], [7.370968, 47.116515], [7.37123, 47.116783], [7.371488, 47.117047], [7.371705, 47.117048], [7.371973, 47.117345], [7.371957, 47.117389], [7.371944, 47.117423], [7.371838, 47.117704], [7.371515, 47.118433], [7.370803, 47.120061], [7.370495, 47.120935], [7.371388, 47.122509], [7.371408, 47.122541], [7.372843, 47.122155], [7.373906, 47.121869], [7.373995, 47.12183], [7.374009, 47.121819], [7.375634, 47.122301], [7.375561, 47.123167], [7.375546, 47.123329], [7.37663, 47.123458], [7.376721, 47.123392], [7.376765, 47.123396], [7.376951, 47.123413], [7.378861, 47.124073], [7.378928, 47.124097], [7.379192, 47.124084], [7.37964, 47.123994], [7.380087, 47.12381], [7.380413, 47.123131], [7.380465, 47.123023], [7.380618, 47.122834], [7.380851, 47.122733], [7.382288, 47.12313], [7.382622, 47.123147], [7.382735, 47.123022], [7.383645, 47.123321], [7.38368, 47.123332], [7.384625, 47.124158], [7.384704, 47.124342], [7.38469, 47.124408], [7.384778, 47.124418], [7.384763, 47.124482], [7.385103, 47.125292], [7.386746, 47.125901], [7.387569, 47.125309], [7.388172, 47.124386], [7.388936, 47.123412], [7.388957, 47.122674], [7.38897, 47.121834], [7.38937, 47.121412], [7.389258, 47.121193], [7.389661, 47.120255], [7.389974, 47.119521], [7.390493, 47.119853], [7.391044, 47.120207], [7.391825, 47.120501], [7.392603, 47.120794], [7.393408, 47.121098], [7.394191, 47.121395], [7.394998, 47.121699], [7.395112, 47.121654], [7.396018, 47.121296], [7.397045, 47.120892], [7.398108, 47.120473], [7.399078, 47.12009], [7.399166, 47.120088], [7.399253, 47.120058], [7.399182, 47.119997], [7.399263, 47.11999], [7.400055, 47.119582], [7.400863, 47.119166], [7.4016, 47.118787], [7.402324, 47.118414], [7.403049, 47.118041], [7.403598, 47.117759], [7.40368, 47.117716], [7.403752, 47.117679], [7.403799, 47.11769], [7.404017, 47.117749], [7.404437, 47.117892], [7.404629, 47.117985], [7.404787, 47.118062], [7.405006, 47.118127], [7.405418, 47.118181], [7.405736, 47.118255], [7.40578, 47.118267], [7.405846, 47.118286], [7.40611, 47.118363], [7.406273, 47.118102], [7.406328, 47.118127], [7.406522, 47.118314], [7.406708, 47.118452], [7.408095, 47.119377], [7.409485, 47.120196], [7.409557, 47.120218], [7.409649, 47.120069], [7.409833, 47.119772], [7.409892, 47.119754], [7.410983, 47.120178], [7.411893, 47.120532], [7.412033, 47.120565], [7.413481, 47.12076], [7.414926, 47.120954], [7.415069, 47.120973], [7.414975, 47.121021], [7.414633, 47.121441], [7.416051, 47.121539], [7.417447, 47.121633], [7.41749, 47.121653], [7.417433, 47.121694], [7.417379, 47.121731], [7.417267, 47.121796], [7.418619, 47.121814], [7.419207, 47.121822], [7.419442, 47.121826], [7.419793, 47.12183], [7.419765, 47.121728], [7.419652, 47.121309], [7.41982, 47.1213], [7.419864, 47.121297], [7.419843, 47.121159], [7.42038, 47.121151], [7.421215, 47.121317], [7.422542, 47.121583], [7.423133, 47.121699], [7.423695, 47.121811], [7.424115, 47.121894], [7.42471, 47.122013], [7.424846, 47.122092], [7.425533, 47.122499], [7.426068, 47.122814], [7.426371, 47.122994], [7.427553, 47.123368], [7.428385, 47.123663], [7.428606, 47.123905], [7.42903, 47.124373], [7.42937, 47.124419], [7.429698, 47.124438], [7.430227, 47.124442], [7.430645, 47.124405], [7.430909, 47.124346], [7.431275, 47.124191], [7.431424, 47.124164], [7.432415, 47.124074], [7.432991, 47.124017], [7.434008, 47.123926], [7.434737, 47.123858], [7.436085, 47.12328], [7.437374, 47.122725], [7.438778, 47.123228], [7.440183, 47.123731], [7.439645, 47.124531], [7.439624, 47.124563], [7.43926, 47.124655], [7.438794, 47.124772], [7.438496, 47.12485], [7.438441, 47.124864], [7.438066, 47.12496], [7.437272, 47.125158], [7.436478, 47.125359], [7.435669, 47.125565], [7.435004, 47.125735], [7.43419, 47.125941], [7.433807, 47.126039], [7.433263, 47.126176], [7.433133, 47.126631], [7.433121, 47.126676], [7.432996, 47.127108], [7.432859, 47.127591], [7.433531, 47.127658], [7.433983, 47.127703], [7.43425, 47.127602], [7.434387, 47.127572], [7.434426, 47.127563], [7.434586, 47.127527], [7.434635, 47.127516], [7.434742, 47.127491], [7.434983, 47.127463], [7.435215, 47.127509], [7.435348, 47.127883], [7.435378, 47.127983], [7.435401, 47.128057], [7.435453, 47.128229], [7.435569, 47.128454], [7.435754, 47.128806], [7.436353, 47.129562], [7.435937, 47.130319], [7.435407, 47.131278], [7.434433, 47.130765], [7.433628, 47.130343], [7.432813, 47.129917], [7.43185, 47.129416], [7.43122, 47.129094], [7.431132, 47.129146], [7.430654, 47.129242], [7.430545, 47.129294], [7.430464, 47.129365], [7.430411, 47.129445], [7.430361, 47.129436], [7.430221, 47.129484], [7.430423, 47.129988], [7.43079, 47.130657], [7.430806, 47.130687], [7.430896, 47.130851], [7.430584, 47.131057], [7.430533, 47.131091], [7.4305, 47.131113], [7.430198, 47.131316], [7.429713, 47.131642], [7.428876, 47.131552], [7.428775, 47.131544], [7.42871, 47.131538], [7.426464, 47.131344], [7.425695, 47.132208], [7.425159, 47.132811], [7.425129, 47.132873], [7.424465, 47.134248], [7.424448, 47.134285], [7.424428, 47.134327], [7.423833, 47.134912], [7.423755, 47.134989], [7.421796, 47.135864], [7.42244, 47.136246], [7.42314, 47.136664], [7.423751, 47.13703], [7.424287, 47.137355], [7.424915, 47.137648], [7.425515, 47.13793], [7.426113, 47.138208], [7.426683, 47.138475], [7.42634, 47.139129], [7.425864, 47.140051], [7.426634, 47.141103], [7.427438, 47.141464], [7.428188, 47.141797], [7.428876, 47.14211], [7.429449, 47.142369], [7.430538, 47.14286], [7.432126, 47.14331], [7.434503, 47.143748], [7.436643, 47.143536], [7.438129, 47.143765], [7.438577, 47.143834], [7.439064, 47.143908], [7.439617, 47.143992], [7.439744, 47.144149], [7.440026, 47.144492], [7.44039, 47.144937], [7.440917, 47.145584], [7.441165, 47.145886], [7.441164, 47.146073], [7.441136, 47.146208], [7.441054, 47.146479], [7.440876, 47.147042], [7.440759, 47.147396], [7.440671, 47.147683], [7.44047, 47.148321], [7.440344, 47.148854], [7.440253, 47.14919], [7.440187, 47.149512], [7.440175, 47.149564], [7.440128, 47.149765], [7.440044, 47.150121], [7.439955, 47.1505], [7.4412, 47.15148], [7.44129, 47.151529], [7.442848, 47.152382], [7.444494, 47.153283], [7.445553, 47.153862], [7.446683, 47.15448], [7.446722, 47.154502], [7.447787, 47.155084], [7.449048, 47.15526], [7.449874, 47.155668], [7.452033, 47.156084], [7.453921, 47.156267], [7.453949, 47.156269], [7.454041, 47.156279], [7.454074, 47.156281], [7.454627, 47.156335], [7.45496, 47.156223], [7.455819, 47.155931], [7.455891, 47.155907], [7.457443, 47.15538], [7.457546, 47.155345], [7.4585, 47.155022], [7.458757, 47.154935], [7.458819, 47.154913], [7.458985, 47.15468], [7.459347, 47.154175], [7.459625, 47.153782], [7.459933, 47.153349], [7.4607, 47.153423], [7.460832, 47.153435], [7.461235, 47.153472], [7.46187, 47.15353], [7.462282, 47.153566], [7.463022, 47.153693], [7.463069, 47.153345], [7.46312, 47.152962], [7.463357, 47.152972], [7.463597, 47.15294], [7.464213, 47.152839], [7.46465, 47.152775], [7.464815, 47.152737], [7.464964, 47.152674], [7.465105, 47.152596], [7.465271, 47.152521], [7.465417, 47.15247], [7.465519, 47.152387], [7.465598, 47.152292], [7.465925, 47.151829], [7.466174, 47.151963], [7.466724, 47.151581], [7.467637, 47.151285], [7.467704, 47.1513], [7.46815, 47.151369], [7.468451, 47.151425], [7.46854, 47.151459], [7.46904, 47.151762], [7.469467, 47.151878], [7.46967, 47.151813], [7.469793, 47.151833], [7.470492, 47.151957], [7.471056, 47.152099], [7.471302, 47.15216], [7.471585, 47.15223], [7.471629, 47.152251], [7.47181, 47.152322], [7.472345, 47.152448], [7.472811, 47.152564], [7.47294, 47.152784], [7.473329, 47.152992], [7.473835, 47.153263], [7.473915, 47.153456], [7.474836, 47.153673], [7.475387, 47.153726], [7.475981, 47.153783], [7.476568, 47.153887], [7.476747, 47.153918], [7.477244, 47.154006], [7.477742, 47.154125], [7.477781, 47.154134], [7.478167, 47.154255], [7.478628, 47.154457], [7.479065, 47.154837], [7.479244, 47.155064], [7.479599, 47.15527], [7.480063, 47.155575], [7.480508, 47.155869], [7.480497, 47.155905], [7.480441, 47.156103], [7.480385, 47.156299], [7.481398, 47.157257], [7.481655, 47.157612], [7.481796, 47.15781], [7.482057, 47.158168], [7.482611, 47.158373], [7.48286, 47.158463], [7.482953, 47.158498], [7.483587, 47.158731], [7.483794, 47.158806], [7.484529, 47.159454], [7.484718, 47.159621], [7.486126, 47.160093], [7.486257, 47.160125], [7.487673, 47.160482], [7.488495, 47.160668], [7.488591, 47.160715], [7.48959, 47.161203], [7.489766, 47.161289], [7.49024, 47.161635], [7.49049, 47.161818], [7.491938, 47.162753], [7.492378, 47.163055], [7.492692, 47.163269], [7.492258, 47.16398], [7.491015, 47.16511], [7.490969, 47.165152], [7.490907, 47.165208], [7.490196, 47.165768], [7.491029, 47.166252], [7.492053, 47.16675], [7.49286, 47.16719], [7.494059, 47.168071], [7.49604, 47.169369], [7.497042, 47.170091], [7.495739, 47.171421], [7.495686, 47.171475], [7.494226, 47.171281], [7.493237, 47.171152], [7.493092, 47.171134], [7.491828, 47.171841], [7.489978, 47.172386], [7.489008, 47.172675], [7.487028, 47.172964], [7.486365, 47.173059], [7.486317, 47.173064], [7.486267, 47.173308], [7.486303, 47.173377], [7.486389, 47.17354], [7.486415, 47.173602], [7.48582, 47.17349], [7.485377, 47.173393], [7.484731, 47.173241], [7.484079, 47.173086], [7.484171, 47.17292], [7.484238, 47.172799], [7.484286, 47.172712], [7.484234, 47.1727], [7.483247, 47.172515], [7.482523, 47.172379], [7.482549, 47.172192], [7.481797, 47.172013], [7.481111, 47.171841], [7.480562, 47.171684], [7.4805, 47.171741], [7.479759, 47.173483], [7.479502, 47.174087], [7.479295, 47.174579], [7.47907, 47.175102], [7.478967, 47.175256], [7.478923, 47.17532], [7.478606, 47.175779], [7.478447, 47.175959], [7.478292, 47.176063], [7.478191, 47.176111], [7.478158, 47.176163], [7.478222, 47.176559], [7.478251, 47.176802], [7.478366, 47.177038], [7.478697, 47.177312], [7.478674, 47.17734], [7.478517, 47.177532], [7.478143, 47.177455], [7.477622, 47.177149], [7.476821, 47.176602], [7.476266, 47.176906], [7.476527, 47.177208], [7.476613, 47.177317], [7.476951, 47.177877], [7.476899, 47.177903], [7.476545, 47.17828], [7.476454, 47.178377], [7.475952, 47.178918], [7.475863, 47.179006], [7.475635, 47.179096], [7.475435, 47.179174], [7.475219, 47.179257], [7.47503, 47.179845], [7.474964, 47.180093], [7.47492, 47.180165], [7.474617, 47.180159], [7.474332, 47.180127], [7.473855, 47.180048], [7.473265, 47.179914], [7.473004, 47.180068], [7.470858, 47.181328], [7.470868, 47.181417], [7.475002, 47.183054], [7.475153, 47.183014], [7.475198, 47.183025], [7.475031, 47.183372], [7.475072, 47.183406], [7.47503, 47.183501], [7.47449, 47.184657], [7.474321, 47.184744], [7.472999, 47.185028], [7.472869, 47.185097], [7.472747, 47.185311], [7.47261, 47.18555], [7.473214, 47.185657], [7.473822, 47.185796], [7.473613, 47.186185], [7.473652, 47.186194], [7.475518, 47.186658], [7.475322, 47.18709], [7.475358, 47.187103], [7.47605, 47.187491], [7.475998, 47.187557], [7.475779, 47.187892], [7.476586, 47.188094], [7.47653, 47.188207], [7.476522, 47.188222], [7.476382, 47.18849], [7.476364, 47.188528], [7.476117, 47.188997], [7.476065, 47.189822], [7.476052, 47.189865], [7.475727, 47.190652], [7.474203, 47.190423], [7.469286, 47.190339], [7.466568, 47.19011], [7.459556, 47.189065], [7.455748, 47.188832], [7.453207, 47.188893], [7.451126, 47.189053], [7.449768, 47.189573], [7.448817, 47.189396], [7.448406, 47.188786], [7.448416, 47.187881], [7.449237, 47.186442], [7.449742, 47.185153], [7.449939, 47.183984], [7.44957, 47.182886], [7.448765, 47.181906], [7.44763, 47.181088], [7.445585, 47.180053], [7.44325, 47.179253], [7.441825, 47.179235], [7.440638, 47.179793], [7.439925, 47.180638], [7.438718, 47.183756], [7.438487, 47.184353], [7.437432, 47.185037], [7.436033, 47.185297], [7.434595, 47.185171], [7.433289, 47.184731], [7.431706, 47.183588], [7.430915, 47.182455], [7.430908, 47.181191], [7.431799, 47.178724], [7.431588, 47.176055], [7.430078, 47.174585], [7.428034, 47.173541], [7.426055, 47.172979], [7.42451, 47.172734], [7.421815, 47.172303], [7.418399, 47.171158], [7.417371, 47.170252], [7.417093, 47.169772], [7.416685, 47.169069], [7.416515, 47.167274], [7.415955, 47.165381], [7.413443, 47.163176], [7.411818, 47.162425], [7.410213, 47.16215], [7.409856, 47.162138], [7.408571, 47.162096], [7.403025, 47.162832], [7.400941, 47.162852], [7.398937, 47.162504], [7.397051, 47.161908], [7.393133, 47.160359], [7.392588, 47.161005], [7.392382, 47.161047], [7.392085, 47.161108], [7.391791, 47.16107], [7.391711, 47.161048], [7.391358, 47.160952], [7.391096, 47.160887], [7.390677, 47.160881], [7.390307, 47.160827], [7.389629, 47.160655], [7.389619, 47.160652], [7.389579, 47.160631], [7.389569, 47.160628], [7.388953, 47.160409], [7.388587, 47.160297], [7.388497, 47.16027], [7.387995, 47.16021], [7.387785, 47.16019], [7.38771, 47.160182], [7.387536, 47.160164], [7.387321, 47.160122], [7.387208, 47.160036], [7.387131, 47.159882], [7.387147, 47.159806], [7.387265, 47.159725], [7.387253, 47.159666], [7.387096, 47.159587], [7.386936, 47.159522], [7.386823, 47.159538], [7.386642, 47.159593], [7.386414, 47.159645], [7.386189, 47.159702], [7.386021, 47.159755], [7.385848, 47.159859], [7.385677, 47.159965], [7.385497, 47.160002], [7.385204, 47.160068], [7.385076, 47.160051], [7.384956, 47.160019], [7.384842, 47.160004], [7.384746, 47.16002], [7.384704, 47.160027], [7.38463, 47.160039], [7.384498, 47.160067], [7.384248, 47.160129], [7.384111, 47.160182], [7.383985, 47.160235], [7.38367, 47.160352], [7.383462, 47.160464], [7.38327, 47.160587], [7.383095, 47.160723], [7.382965, 47.160825], [7.382847, 47.16097], [7.382704, 47.161132], [7.38261, 47.1613], [7.382526, 47.161471], [7.382443, 47.161642], [7.382347, 47.161857], [7.382237, 47.162116], [7.382168, 47.16229], [7.382056, 47.162484], [7.381999, 47.16264], [7.38198, 47.162803], [7.38193, 47.16298], [7.381853, 47.163153], [7.381825, 47.163333], [7.38179, 47.163493], [7.381776, 47.163639], [7.381804, 47.163841], [7.381855, 47.163971], [7.38195, 47.164141], [7.382133, 47.164434], [7.382228, 47.164603], [7.382265, 47.164783], [7.382213, 47.164978], [7.382179, 47.165123], [7.3822, 47.165131], [7.382232, 47.165143], [7.382236, 47.165145], [7.382264, 47.165156], [7.382279, 47.165162], [7.382444, 47.165227], [7.382762, 47.165353], [7.383554, 47.165666], [7.384296, 47.165958], [7.384674, 47.166106], [7.384804, 47.166095], [7.384962, 47.166081], [7.385489, 47.166034], [7.385518, 47.166031], [7.386261, 47.165965], [7.386421, 47.165951], [7.387042, 47.165895], [7.38726, 47.165889], [7.387663, 47.165878], [7.387933, 47.165871], [7.388239, 47.165862], [7.388648, 47.165832], [7.389138, 47.165796], [7.389397, 47.165777], [7.390765, 47.165588], [7.390839, 47.165578], [7.390887, 47.166036], [7.390846, 47.166168], [7.390834, 47.166205], [7.390884, 47.166207], [7.39091, 47.166209], [7.391915, 47.166278], [7.391529, 47.16699], [7.391327, 47.167363], [7.391125, 47.167736], [7.390737, 47.168453], [7.390475, 47.168934], [7.390215, 47.169415], [7.390082, 47.169661], [7.390035, 47.169748], [7.389954, 47.169896], [7.389884, 47.170026], [7.389866, 47.17006], [7.389708, 47.170351], [7.38969, 47.170385], [7.389239, 47.171106], [7.389156, 47.171237], [7.387903, 47.173223], [7.387821, 47.173353], [7.386612, 47.17527], [7.386489, 47.175461], [7.385839, 47.176429], [7.384849, 47.177902], [7.384781, 47.177979], [7.383518, 47.180305], [7.383494, 47.180335], [7.382393, 47.181631], [7.382368, 47.181661], [7.380683, 47.183645], [7.380661, 47.183674], [7.38061, 47.183742], [7.380444, 47.18395], [7.380332, 47.184092], [7.380173, 47.184293], [7.38, 47.184509], [7.379704, 47.18488], [7.379639, 47.184962], [7.379531, 47.1851], [7.379734, 47.185188], [7.379495, 47.185477], [7.379529, 47.185496], [7.379343, 47.185695], [7.379339, 47.185699], [7.379316, 47.185727], [7.379075, 47.185633], [7.379004, 47.185717], [7.378759, 47.185619], [7.378744, 47.185635], [7.378739, 47.185641], [7.37873, 47.18565], [7.37856, 47.185833], [7.378349, 47.186058], [7.378321, 47.186088], [7.378137, 47.186286], [7.377974, 47.186461], [7.377941, 47.186495], [7.378014, 47.186535], [7.377841, 47.186687], [7.377723, 47.186791], [7.377581, 47.186915], [7.377319, 47.187144], [7.377251, 47.187203], [7.377211, 47.187229], [7.377044, 47.187338], [7.376845, 47.187467], [7.376611, 47.187619], [7.376576, 47.187642], [7.376559, 47.187654], [7.376414, 47.187747], [7.37626, 47.187847], [7.376112, 47.187944], [7.375912, 47.188073], [7.375909, 47.188076], [7.3758, 47.188146], [7.375606, 47.188273], [7.375248, 47.188505], [7.375219, 47.188524], [7.375145, 47.188572], [7.374441, 47.188884], [7.373342, 47.189371], [7.373302, 47.189388], [7.373014, 47.189516], [7.372566, 47.189721], [7.372099, 47.189915], [7.371866, 47.190002], [7.371422, 47.190117], [7.371164, 47.190198], [7.370954, 47.190229], [7.370626, 47.190255], [7.370391, 47.190307], [7.370086, 47.190368], [7.369824, 47.190433], [7.369801, 47.190438], [7.368935, 47.19056], [7.368693, 47.190643], [7.36852, 47.190671], [7.368199, 47.190768], [7.367946, 47.190928], [7.367714, 47.191032], [7.367552, 47.191137], [7.367532, 47.191158], [7.367411, 47.191275], [7.367358, 47.191326], [7.367171, 47.191507], [7.367059, 47.191681], [7.367022, 47.191734], [7.366943, 47.191955], [7.366938, 47.191964], [7.366851, 47.19215], [7.366621, 47.192526], [7.366545, 47.19273], [7.366443, 47.193005], [7.366247, 47.193303], [7.366091, 47.193572], [7.365678, 47.194123], [7.365465, 47.194456], [7.365022, 47.194284], [7.362867, 47.193447], [7.357879, 47.192215], [7.354484, 47.191536], [7.353731, 47.193081], [7.353156, 47.194257], [7.353135, 47.194299], [7.353111, 47.194349], [7.353018, 47.194539], [7.352546, 47.195505], [7.351971, 47.196682], [7.351271, 47.198108], [7.350533, 47.199615], [7.349619, 47.201493], [7.34881, 47.203136], [7.348455, 47.203859], [7.34792, 47.204967], [7.347362, 47.20613], [7.346834, 47.207223], [7.346601, 47.207188], [7.345696, 47.207102], [7.344827, 47.207215], [7.344746, 47.207362], [7.343142, 47.210288], [7.34233, 47.211749], [7.341968, 47.212401], [7.341518, 47.213946], [7.340719, 47.216741], [7.340714, 47.216758], [7.340579, 47.217231], [7.340417, 47.217574], [7.343206, 47.217933], [7.345041, 47.218634], [7.346335, 47.219164], [7.347423, 47.219207], [7.347484, 47.21921], [7.347746, 47.21922], [7.349055, 47.219438], [7.349994, 47.21969], [7.351479, 47.220028], [7.35332, 47.220259], [7.354816, 47.220876], [7.355602, 47.220966], [7.356663, 47.22102], [7.357243, 47.221049], [7.3577, 47.220182], [7.359326, 47.219599], [7.361057, 47.21962], [7.362238, 47.219611], [7.363529, 47.220219], [7.364411, 47.220638], [7.365417, 47.220829], [7.365732, 47.221294], [7.367225, 47.22232], [7.369232, 47.223269], [7.370521, 47.223901], [7.371492, 47.224558], [7.372542, 47.225478], [7.373226, 47.226038], [7.374498, 47.226853], [7.375432, 47.227078], [7.376279, 47.227366], [7.377805, 47.227625], [7.378191, 47.227642], [7.379148, 47.228121], [7.379719, 47.228387], [7.380301, 47.228801], [7.38157, 47.22906], [7.381896, 47.229257], [7.382601, 47.229371], [7.382873, 47.229448], [7.383827, 47.229669], [7.384232, 47.229721], [7.384956, 47.229841], [7.385472, 47.230041], [7.386329, 47.230328], [7.386782, 47.230469], [7.387175, 47.230665], [7.387485, 47.23074], [7.388052, 47.230753], [7.388447, 47.230784], [7.388891, 47.230862], [7.389221, 47.230949], [7.38986, 47.231052], [7.390604, 47.231231], [7.391273, 47.231453], [7.391893, 47.231725], [7.392653, 47.232062], [7.394007, 47.232388], [7.395568, 47.232709], [7.396785, 47.233041], [7.397435, 47.233296], [7.398088, 47.233487], [7.398527, 47.233697], [7.399079, 47.234007], [7.400979, 47.234692], [7.401694, 47.234896], [7.402395, 47.235332], [7.403105, 47.235686], [7.403382, 47.235854], [7.403639, 47.236073], [7.404163, 47.236469], [7.404642, 47.236767], [7.405056, 47.237024], [7.405636, 47.237393], [7.406093, 47.237683], [7.406485, 47.237958], [7.40684, 47.238182], [7.40755, 47.23872], [7.407946, 47.239134], [7.408589, 47.239384], [7.409225, 47.239628], [7.409847, 47.239865], [7.410988, 47.240264], [7.411825, 47.240558], [7.412133, 47.240608], [7.412671, 47.240676], [7.413131, 47.240586], [7.413421, 47.240559], [7.41349, 47.240555], [7.414173, 47.240551], [7.414628, 47.240475], [7.415309, 47.240362], [7.415487, 47.240215], [7.416516, 47.240719], [7.41692, 47.240919], [7.419011, 47.241965], [7.420878, 47.242895], [7.419971, 47.243873], [7.418808, 47.244758], [7.418151, 47.245381], [7.417687, 47.246486], [7.417434, 47.247069], [7.417203, 47.247563], [7.416986, 47.248238], [7.416735, 47.249068], [7.416668, 47.24927], [7.41651, 47.249756], [7.416446, 47.250301], [7.416186, 47.250597], [7.416333, 47.252166], [7.416457, 47.252286], [7.416585, 47.25241], [7.416754, 47.252746], [7.416883, 47.252878], [7.417005, 47.253125], [7.417262, 47.253554], [7.41737, 47.253799], [7.41816, 47.253867], [7.418788, 47.254556], [7.419464, 47.254647], [7.420066, 47.254734], [7.420708, 47.254853], [7.421306, 47.25507], [7.421838, 47.255195], [7.42242, 47.255278], [7.423214, 47.255462], [7.42392, 47.255596], [7.424824, 47.25575], [7.42581, 47.255905], [7.4261, 47.255995], [7.426796, 47.256084], [7.427242, 47.25627], [7.427728, 47.256447], [7.427998, 47.25662], [7.428688, 47.256897], [7.429123, 47.257035], [7.429643, 47.25725], [7.430403, 47.257546], [7.43109, 47.257932], [7.432001, 47.258272], [7.432746, 47.258566], [7.433594, 47.258971], [7.434044, 47.259209], [7.434511, 47.259528], [7.434888, 47.25975], [7.435968, 47.260247], [7.436155, 47.260556], [7.436552, 47.26067], [7.436933, 47.260919], [7.437164, 47.261165], [7.437464, 47.26137], [7.437905, 47.261577], [7.438236, 47.2618], [7.438708, 47.262063], [7.439326, 47.262349], [7.439845, 47.262533], [7.441011, 47.262923], [7.442313, 47.263012], [7.443061, 47.263054], [7.444176, 47.263082], [7.44491, 47.263], [7.445724, 47.263087], [7.445884, 47.263142], [7.446174, 47.263012], [7.446706, 47.262993], [7.44723, 47.262926], [7.447585, 47.263059], [7.447814, 47.262958], [7.448132, 47.263048], [7.44856, 47.2629], [7.448898, 47.262941], [7.449422, 47.263003], [7.450034, 47.262981], [7.450381, 47.263128], [7.450812, 47.263174], [7.451047, 47.262971], [7.451917, 47.26339], [7.453026, 47.263482], [7.453592, 47.263459], [7.45418, 47.263635], [7.455221, 47.263641], [7.455949, 47.263688], [7.456544, 47.263822], [7.456954, 47.263923], [7.457494, 47.263927], [7.458641, 47.264157], [7.458971, 47.264178], [7.459588, 47.264215], [7.460019, 47.264318], [7.460727, 47.264498], [7.461281, 47.264382], [7.461672, 47.264428], [7.462223, 47.264388], [7.462332, 47.264468], [7.462841, 47.26442], [7.462948, 47.264399], [7.463342, 47.264578], [7.463604, 47.264571], [7.464051, 47.264562], [7.464376, 47.264515], [7.464714, 47.26452], [7.465149, 47.264581], [7.465282, 47.264595], [7.465444, 47.264613], [7.46585, 47.264657], [7.465888, 47.264724], [7.465934, 47.264805], [7.465948, 47.264829], [7.466032, 47.264876], [7.46605, 47.264886], [7.466298, 47.265103], [7.466613, 47.265266], [7.466949, 47.265377], [7.467442, 47.265644], [7.467945, 47.265829], [7.468153, 47.265939], [7.468194, 47.266], [7.46838, 47.26611], [7.468903, 47.266471], [7.469443, 47.266922], [7.469627, 47.267171], [7.469978, 47.267591], [7.47037, 47.267912], [7.4707, 47.268358], [7.471203, 47.268856], [7.47148, 47.26921], [7.47162, 47.26941], [7.472022, 47.269621], [7.47244, 47.270326], [7.472785, 47.2711], [7.472844, 47.271303], [7.473572, 47.271784], [7.473793, 47.2724], [7.473768, 47.272704], [7.474054, 47.273053], [7.474019, 47.273309], [7.474184, 47.273598], [7.474384, 47.273779], [7.474721, 47.2745], [7.475294, 47.275131], [7.475315, 47.275381], [7.475556, 47.27585], [7.475875, 47.276316], [7.476375, 47.276731], [7.477115, 47.277344], [7.477936, 47.278246], [7.478174, 47.278508], [7.478303, 47.278679], [7.478548, 47.278882], [7.478865, 47.279136], [7.479344, 47.279317], [7.47961, 47.279578], [7.479904, 47.27968], [7.480433, 47.280052], [7.481075, 47.280519], [7.481682, 47.280989], [7.481935, 47.281308], [7.482447, 47.281784], [7.48304, 47.282112], [7.483495, 47.28253], [7.483918, 47.282973], [7.484641, 47.283563], [7.485353, 47.284282], [7.486998, 47.283905], [7.4872, 47.283859], [7.487679, 47.284177], [7.488543, 47.284507], [7.489423, 47.284804], [7.490247, 47.285072], [7.491035, 47.285299], [7.491721, 47.285531], [7.492549, 47.285795], [7.493406, 47.286066], [7.494365, 47.286398], [7.495299, 47.286861], [7.495073, 47.28712], [7.49488, 47.28767], [7.494681, 47.288232], [7.49498, 47.288151], [7.495379, 47.28787], [7.496699, 47.288429], [7.497529, 47.288459], [7.498056, 47.288436], [7.498336, 47.288367], [7.499646, 47.288862], [7.500041, 47.289056], [7.50105, 47.289452], [7.502057, 47.289828], [7.503544, 47.290309], [7.504495, 47.290576], [7.505435, 47.290863], [7.505447, 47.290655], [7.505544, 47.290477], [7.505951, 47.290056], [7.507178, 47.29047], [7.508386, 47.290819], [7.509477, 47.291156], [7.510675, 47.291533], [7.51179, 47.291877], [7.51271, 47.292149], [7.513759, 47.292457], [7.513959, 47.292472], [7.514542, 47.292518], [7.515255, 47.292673], [7.516664, 47.293012], [7.517874, 47.293331], [7.5194, 47.293599], [7.520048, 47.293849], [7.520904, 47.293979], [7.521289, 47.293976], [7.522454, 47.293995], [7.523899, 47.293905], [7.524589, 47.293754], [7.525691, 47.293839], [7.526003, 47.293914], [7.526971, 47.29411], [7.52796, 47.29422], [7.528774, 47.294252], [7.529784, 47.294254], [7.53067, 47.294272], [7.531648, 47.294297], [7.532299, 47.294365], [7.532869, 47.294537], [7.533579, 47.294976], [7.534399, 47.295382], [7.535069, 47.295675], [7.535544, 47.295959], [7.536306, 47.296288], [7.537, 47.296583], [7.537532, 47.296966], [7.537872, 47.297062], [7.538597, 47.297579], [7.538827, 47.297801], [7.539039, 47.298128], [7.539535, 47.29861], [7.539542, 47.299098], [7.539724, 47.299332], [7.539793, 47.29955], [7.539854, 47.299915], [7.539651, 47.3004], [7.539444, 47.301073], [7.539282, 47.301518], [7.539074, 47.301982], [7.539661, 47.302181], [7.54013, 47.30234], [7.540876, 47.302724], [7.541919, 47.303261], [7.542846, 47.303645], [7.543302, 47.304056], [7.544292, 47.304538], [7.544539, 47.304826], [7.545863, 47.305587], [7.546173, 47.305765], [7.546945, 47.306084], [7.546785, 47.306345], [7.546524, 47.306768], [7.546337, 47.307072], [7.546242, 47.307381], [7.546826, 47.307599], [7.547224, 47.30871], [7.547369, 47.309116], [7.547389, 47.309292], [7.547409, 47.309395], [7.547517, 47.310235], [7.54757, 47.310657], [7.547654, 47.311247], [7.547711, 47.311637], [7.547868, 47.312647], [7.547977, 47.313462], [7.548013, 47.313758], [7.54805, 47.314055], [7.548054, 47.314087], [7.548069, 47.314201], [7.548146, 47.314827], [7.548226, 47.315459], [7.548339, 47.316359], [7.549248, 47.316914], [7.550457, 47.317649], [7.550753, 47.31783], [7.551681, 47.318384], [7.553282, 47.31934], [7.555138, 47.320449], [7.556691, 47.321376], [7.557114, 47.321629], [7.558346, 47.322365], [7.561706, 47.32143], [7.562541, 47.32185], [7.563117, 47.322085], [7.563705, 47.322336], [7.564354, 47.32256], [7.565369, 47.322915], [7.566387, 47.323382], [7.567424, 47.323806], [7.56802, 47.324162], [7.56873, 47.324346], [7.569291, 47.324804], [7.569611, 47.325228], [7.570294, 47.325691], [7.57066, 47.326039], [7.570953, 47.326314], [7.571217, 47.326773], [7.571636, 47.32713], [7.571767, 47.327482], [7.571923, 47.327679], [7.572055, 47.328476], [7.572008, 47.328791], [7.572152, 47.328953], [7.571919, 47.329348], [7.571406, 47.329977], [7.571157, 47.330271], [7.570319, 47.331131], [7.569681, 47.331793], [7.569084, 47.3324], [7.568172, 47.333333], [7.567435, 47.333992], [7.566941, 47.334548], [7.566662, 47.334862], [7.566628, 47.334901], [7.566239, 47.33536], [7.566127, 47.335406], [7.566032, 47.335469], [7.565948, 47.335537], [7.565876, 47.335613], [7.565729, 47.335803], [7.565684, 47.335886], [7.56559, 47.336106], [7.565112, 47.336655], [7.564338, 47.337572], [7.563599, 47.338435], [7.563355, 47.33871], [7.562724, 47.33945], [7.563012, 47.339878], [7.562686, 47.34051], [7.562211, 47.341047], [7.561705, 47.341473], [7.56143, 47.341543], [7.560673, 47.341844], [7.560454, 47.342501], [7.559889, 47.342559], [7.559807, 47.342665], [7.558879, 47.342473], [7.558106, 47.342339], [7.557523, 47.342238], [7.556648, 47.342095], [7.556551, 47.342996], [7.556495, 47.34343], [7.556474, 47.34386], [7.555669, 47.344135], [7.554542, 47.344509], [7.553189, 47.344973], [7.552615, 47.345164], [7.552206, 47.345313], [7.552156, 47.345318], [7.551394, 47.345369], [7.550643, 47.345583], [7.550478, 47.345685], [7.549665, 47.346014], [7.549026, 47.346232], [7.548324, 47.346439], [7.547532, 47.346591], [7.547209, 47.346583], [7.546718, 47.346784], [7.54612, 47.34701], [7.545837, 47.347057], [7.545449, 47.347269], [7.544948, 47.347444], [7.544234, 47.34756], [7.543667, 47.347642], [7.543016, 47.347739], [7.542531, 47.347786], [7.541856, 47.347781], [7.541291, 47.34766], [7.540667, 47.347385], [7.540455, 47.347408], [7.540082, 47.34754], [7.539066, 47.347557], [7.538905, 47.347629], [7.538686, 47.347952], [7.538427, 47.348575], [7.538138, 47.349277], [7.537495, 47.349756], [7.53687, 47.350192], [7.537392, 47.350962], [7.537546, 47.351403], [7.537569, 47.3516], [7.537995, 47.352173], [7.538244, 47.352367], [7.538832, 47.352909], [7.539438, 47.353202], [7.539759, 47.353718], [7.540107, 47.354255], [7.540841, 47.355072], [7.541455, 47.355738], [7.541199, 47.356254], [7.540861, 47.356632], [7.540478, 47.35773], [7.540243, 47.358314], [7.540051, 47.35887], [7.539715, 47.359628], [7.539671, 47.359974], [7.539654, 47.360117], [7.539481, 47.360079], [7.538729, 47.360057], [7.538403, 47.36003], [7.538069, 47.360021], [7.537822, 47.359981], [7.537707, 47.35998], [7.537593, 47.35999], [7.537363, 47.359993], [7.53708, 47.359958], [7.536983, 47.35995], [7.53682, 47.359972], [7.536622, 47.359981], [7.53641, 47.359969], [7.536201, 47.359912], [7.536126, 47.359903], [7.535569, 47.359901], [7.535377, 47.35988], [7.535004, 47.359809], [7.534414, 47.359749], [7.533826, 47.359659], [7.533457, 47.360189], [7.533384, 47.360247], [7.53333, 47.360308], [7.533262, 47.360451], [7.533169, 47.360589], [7.533112, 47.360697], [7.532987, 47.360897], [7.532916, 47.361069], [7.532873, 47.361175], [7.532767, 47.361332], [7.53324, 47.361962], [7.533225, 47.362209], [7.533001, 47.362237], [7.532573, 47.362325], [7.532505, 47.362373], [7.532356, 47.362534], [7.532294, 47.362623], [7.532172, 47.362629], [7.532046, 47.362601], [7.531721, 47.362355], [7.5315, 47.362422], [7.5312, 47.362506], [7.530665, 47.362694], [7.530545, 47.362835], [7.530453, 47.362895], [7.530343, 47.362934], [7.530216, 47.362933], [7.529927, 47.362999], [7.52984, 47.362997], [7.529711, 47.36293], [7.529639, 47.362938], [7.529572, 47.362956], [7.529353, 47.362949], [7.529153, 47.36296], [7.529091, 47.362945], [7.529045, 47.362917], [7.528971, 47.362936], [7.528848, 47.362939], [7.528808, 47.362902], [7.528766, 47.362837], [7.528702, 47.36278], [7.528621, 47.362774], [7.52853, 47.362729], [7.528447, 47.362776], [7.528258, 47.362806], [7.528123, 47.362816], [7.527984, 47.362821], [7.527862, 47.362736], [7.527742, 47.36274], [7.52759, 47.362909], [7.52747, 47.362934], [7.527422, 47.363018], [7.527367, 47.363034], [7.527234, 47.362996], [7.527071, 47.363019], [7.526865, 47.362952], [7.526818, 47.362962], [7.526748, 47.363021], [7.526646, 47.363047], [7.526586, 47.363122], [7.526474, 47.363161], [7.526424, 47.363243], [7.526383, 47.363253], [7.526104, 47.363247], [7.526008, 47.363367], [7.525965, 47.363378], [7.525837, 47.363396], [7.52563, 47.363412], [7.525563, 47.363498], [7.525386, 47.36353], [7.525236, 47.363603], [7.525107, 47.363584], [7.525067, 47.363671], [7.524968, 47.363713], [7.524795, 47.363692], [7.524711, 47.363747], [7.52462, 47.363784], [7.524491, 47.363776], [7.524413, 47.363834], [7.52433, 47.36385], [7.524246, 47.363904], [7.524121, 47.363948], [7.52407, 47.364002], [7.523952, 47.36402], [7.523904, 47.364052], [7.52392, 47.364134], [7.523896, 47.364148], [7.523812, 47.364162], [7.52376, 47.36423], [7.523696, 47.364244], [7.523568, 47.364211], [7.523485, 47.364229], [7.523364, 47.364226], [7.523257, 47.364258], [7.523198, 47.364306], [7.523077, 47.364372], [7.523001, 47.364471], [7.522905, 47.364501], [7.522873, 47.364616], [7.522751, 47.364682], [7.522633, 47.364697], [7.522482, 47.364812], [7.522371, 47.364822], [7.522115, 47.364978], [7.521752, 47.365152], [7.521823, 47.365458], [7.521759, 47.365779], [7.521737, 47.365952], [7.521704, 47.366137], [7.521717, 47.366224], [7.521881, 47.36644], [7.522089, 47.366703], [7.522339, 47.367037], [7.522714, 47.367519], [7.52363, 47.368585], [7.523719, 47.368735], [7.523823, 47.369005], [7.524036, 47.369257], [7.524166, 47.369398], [7.524286, 47.36951], [7.524444, 47.369629], [7.524497, 47.369743], [7.524641, 47.369813], [7.524477, 47.370151], [7.524503, 47.370277], [7.524455, 47.370498], [7.524471, 47.371031], [7.524406, 47.371222], [7.52435, 47.371624], [7.524012, 47.371767], [7.52373, 47.372074], [7.523662, 47.372074], [7.523514, 47.372024], [7.523328, 47.372037], [7.523213, 47.372026], [7.522991, 47.372081], [7.522785, 47.372118], [7.522673, 47.372133], [7.522556, 47.372125], [7.522431, 47.372122], [7.522214, 47.372095], [7.521991, 47.372082], [7.52186, 47.372062], [7.521772, 47.372025], [7.521661, 47.372027], [7.521197, 47.372142], [7.521099, 47.372088], [7.521012, 47.372054], [7.520799, 47.37206], [7.520691, 47.372048], [7.520505, 47.371964], [7.520393, 47.371957], [7.520225, 47.371961], [7.520122, 47.371971], [7.51997, 47.372026], [7.519885, 47.372004], [7.519277, 47.371989], [7.518953, 47.372113], [7.518809, 47.372169], [7.518396, 47.372216], [7.51795, 47.372252], [7.517239, 47.372303], [7.516554, 47.372267], [7.516163, 47.372155], [7.515906, 47.372233], [7.515654, 47.372221], [7.515548, 47.372145], [7.515397, 47.372199], [7.514489, 47.372177], [7.514137, 47.372256], [7.513699, 47.372252], [7.513113, 47.372187], [7.512286, 47.37217], [7.511197, 47.372191], [7.510403, 47.372237], [7.510135, 47.372211], [7.510006, 47.372103], [7.509685, 47.372164], [7.508667, 47.372097], [7.507936, 47.372179], [7.507668, 47.372079], [7.507417, 47.372112], [7.506853, 47.372034], [7.506669, 47.372038], [7.506004, 47.372133], [7.505487, 47.372003], [7.505022, 47.372139], [7.504607, 47.372056], [7.503785, 47.372038], [7.503077, 47.372015], [7.502078, 47.371922], [7.501708, 47.371988], [7.500721, 47.372025], [7.500387, 47.371917], [7.499921, 47.371982], [7.499342, 47.37189], [7.498301, 47.371721], [7.498011, 47.371566], [7.497137, 47.371292], [7.496174, 47.371054], [7.49595, 47.371004], [7.495011, 47.370757], [7.494458, 47.370652], [7.494383, 47.370637], [7.487588, 47.369708], [7.487426, 47.369689], [7.486893, 47.369716], [7.486443, 47.369836], [7.486026, 47.36994], [7.485567, 47.37001], [7.485351, 47.370082], [7.485107, 47.370126], [7.484993, 47.370086], [7.484641, 47.370094], [7.484545, 47.37013], [7.484313, 47.370153], [7.484235, 47.370132], [7.48413, 47.37015], [7.48392, 47.37027], [7.483739, 47.370386], [7.483643, 47.370388], [7.48318, 47.370479], [7.482961, 47.370585], [7.482688, 47.370636], [7.482462, 47.370675], [7.482322, 47.370639], [7.482135, 47.370639], [7.481488, 47.370787], [7.480827, 47.371003], [7.480571, 47.371074], [7.480385, 47.371121], [7.480207, 47.371161], [7.480019, 47.37123], [7.479749, 47.371253], [7.479421, 47.371405], [7.479049, 47.371353], [7.478437, 47.371296], [7.478276, 47.371275], [7.478028, 47.371307], [7.477745, 47.371287], [7.477382, 47.371232], [7.477054, 47.371189], [7.477, 47.371081], [7.476891, 47.37103], [7.476729, 47.371003], [7.476459, 47.370942], [7.476026, 47.371025], [7.475703, 47.370938], [7.475527, 47.37087], [7.475299, 47.37083], [7.475179, 47.37078], [7.474902, 47.370733], [7.474734, 47.370693], [7.474273, 47.370633], [7.474035, 47.370683], [7.473974, 47.370776], [7.473592, 47.370739], [7.473314, 47.370724], [7.472943, 47.370705], [7.472804, 47.37064], [7.472442, 47.370644], [7.47233, 47.370597], [7.472141, 47.370518], [7.47189, 47.370399], [7.471592, 47.370338], [7.471326, 47.370305], [7.471002, 47.370258], [7.470599, 47.370235], [7.470132, 47.370221], [7.46971, 47.370206], [7.469201, 47.370174], [7.46907, 47.37017], [7.468753, 47.370182], [7.468139, 47.370127], [7.467486, 47.370122], [7.46732, 47.370151], [7.467167, 47.370232], [7.46696, 47.370259], [7.466682, 47.370235], [7.466465, 47.370283], [7.466344, 47.370355], [7.466265, 47.370541], [7.466016, 47.370551], [7.465803, 47.370446], [7.465711, 47.370444], [7.465408, 47.370474], [7.465253, 47.370439], [7.464389, 47.3703], [7.463746, 47.37031], [7.46328, 47.370304], [7.463157, 47.370351], [7.462814, 47.370383], [7.462216, 47.370442], [7.461652, 47.370507], [7.461217, 47.37062], [7.460557, 47.370803], [7.460168, 47.370913], [7.459724, 47.371002], [7.45913, 47.371043], [7.458541, 47.371121], [7.457387, 47.371386], [7.45683, 47.371498], [7.455686, 47.371899], [7.455179, 47.372192], [7.454827, 47.372221], [7.453979, 47.373007], [7.453842, 47.373147], [7.453636, 47.373472], [7.452835, 47.374575], [7.45178, 47.374891], [7.448517, 47.375857], [7.44679, 47.376606], [7.444979, 47.378323], [7.443607, 47.378674], [7.44246, 47.379279], [7.441947, 47.379549], [7.441449, 47.379812], [7.440178, 47.380279], [7.436132, 47.378113], [7.43733, 47.380892], [7.437953, 47.381762], [7.437947, 47.38288], [7.43785, 47.383251], [7.438036, 47.383537], [7.438193, 47.383827], [7.438504, 47.384194], [7.438841, 47.384641], [7.439071, 47.385054], [7.438957, 47.385214], [7.43896, 47.385503], [7.439044, 47.386017], [7.442067, 47.388458], [7.443615, 47.388972], [7.443555, 47.388997], [7.443466, 47.389057], [7.443351, 47.38915], [7.443242, 47.38926], [7.443216, 47.389415], [7.443202, 47.389492], [7.443189, 47.38961], [7.443173, 47.389636], [7.443174, 47.389712], [7.443227, 47.389787], [7.443224, 47.389824], [7.443219, 47.389844], [7.443164, 47.389887], [7.443152, 47.389911], [7.443158, 47.389965], [7.443203, 47.390007], [7.443216, 47.390052], [7.443184, 47.390117], [7.443138, 47.390156], [7.443087, 47.390173], [7.443021, 47.390174], [7.442971, 47.390232], [7.442966, 47.39027], [7.44298, 47.390324], [7.442968, 47.390383], [7.442995, 47.390417], [7.443016, 47.390458], [7.443078, 47.390533], [7.443099, 47.390565], [7.443108, 47.390614], [7.44313, 47.390667], [7.443169, 47.390709], [7.443184, 47.390742], [7.443193, 47.390777], [7.443222, 47.3908], [7.44327, 47.390802], [7.443292, 47.390813], [7.443298, 47.39084], [7.443254, 47.390889], [7.443243, 47.390949], [7.443289, 47.390973], [7.443299, 47.391006], [7.443265, 47.39106], [7.443218, 47.391108], [7.443215, 47.391166], [7.443215, 47.391226], [7.443183, 47.391261], [7.443157, 47.391306], [7.443164, 47.391342], [7.443144, 47.391396], [7.443113, 47.39147], [7.443082, 47.391519], [7.443101, 47.391575], [7.443107, 47.391619], [7.443108, 47.391652], [7.443063, 47.391738], [7.443067, 47.391814], [7.443098, 47.39187], [7.443107, 47.39193], [7.443058, 47.391971], [7.443022, 47.392038], [7.442996, 47.392085], [7.443006, 47.392153], [7.443019, 47.392197], [7.443049, 47.392242], [7.443031, 47.392327], [7.443011, 47.392363], [7.442994, 47.392401], [7.442983, 47.392453], [7.442993, 47.392528], [7.443007, 47.392607], [7.443027, 47.39265], [7.443002, 47.3927], [7.442983, 47.392747], [7.442978, 47.392817], [7.442996, 47.392887], [7.442991, 47.392905], [7.442969, 47.392949], [7.442963, 47.392986], [7.442973, 47.393014], [7.442908, 47.393054], [7.442898, 47.393147], [7.442902, 47.393188], [7.442904, 47.393215], [7.442932, 47.393253], [7.442922, 47.393312], [7.442882, 47.393389], [7.44286, 47.393458], [7.442783, 47.39354], [7.442772, 47.393576], [7.442705, 47.393678], [7.44272, 47.393776], [7.442695, 47.393828], [7.442648, 47.39389], [7.44264, 47.393933], [7.4426, 47.393969], [7.442555, 47.394072], [7.442544, 47.394143], [7.442573, 47.394197], [7.442596, 47.394244], [7.442583, 47.394281], [7.442516, 47.394306], [7.442529, 47.394356], [7.442534, 47.394463], [7.442478, 47.39451], [7.442457, 47.394565], [7.442462, 47.394628], [7.442484, 47.394667], [7.442473, 47.394725], [7.442435, 47.394804], [7.442412, 47.394832], [7.442468, 47.394878], [7.442463, 47.394955], [7.442626, 47.395111], [7.44268, 47.395122], [7.442755, 47.395154], [7.442756, 47.395211], [7.442772, 47.395302], [7.442794, 47.395337], [7.442831, 47.39542], [7.442723, 47.395483], [7.442732, 47.39553], [7.442778, 47.395598], [7.442856, 47.395631], [7.442958, 47.395648], [7.44302, 47.395683], [7.44308, 47.395713], [7.443096, 47.395765], [7.443087, 47.395794], [7.443147, 47.395848], [7.443174, 47.395914], [7.44321, 47.396], [7.443201, 47.396063], [7.443133, 47.396095], [7.44309, 47.396168], [7.443089, 47.396238], [7.443081, 47.396303], [7.443144, 47.396342], [7.443135, 47.396367], [7.443083, 47.396429], [7.443013, 47.396517], [7.442916, 47.396572], [7.442821, 47.396572], [7.442755, 47.396622], [7.442627, 47.39671], [7.442459, 47.396799], [7.442421, 47.396865], [7.442371, 47.396907], [7.442337, 47.396971], [7.442162, 47.397023], [7.442021, 47.397109], [7.441772, 47.397419], [7.441687, 47.397605], [7.441642, 47.397612], [7.44159, 47.397638], [7.441518, 47.3977], [7.441465, 47.397763], [7.441395, 47.397839], [7.441357, 47.397888], [7.441369, 47.397943], [7.441418, 47.398038], [7.441364, 47.398148], [7.44134, 47.398189], [7.441434, 47.398286], [7.441487, 47.398349], [7.441516, 47.398447], [7.441571, 47.398526], [7.441694, 47.398567], [7.441729, 47.398702], [7.441744, 47.398793], [7.441738, 47.398842], [7.441772, 47.398917], [7.441813, 47.398982], [7.441906, 47.399032], [7.441959, 47.399066], [7.44195, 47.399131], [7.441906, 47.399172], [7.441852, 47.399195], [7.441819, 47.399241], [7.441875, 47.399344], [7.441935, 47.399363], [7.441981, 47.399424], [7.442001, 47.399506], [7.441998, 47.399613], [7.44195, 47.399675], [7.441885, 47.399704], [7.44175, 47.399853], [7.441679, 47.399948], [7.441612, 47.399986], [7.441576, 47.400025], [7.441317, 47.400183], [7.441842, 47.400587], [7.441984, 47.400707], [7.442113, 47.400834], [7.442245, 47.400985], [7.442473, 47.401353], [7.442664, 47.401652], [7.442713, 47.401704], [7.442953, 47.402004], [7.443217, 47.402224], [7.443221, 47.402228], [7.443225, 47.402231], [7.443229, 47.402235], [7.443234, 47.402238], [7.443238, 47.402241], [7.443243, 47.402245], [7.443247, 47.402248], [7.443252, 47.402251], [7.443256, 47.402255], [7.443261, 47.402258], [7.443266, 47.402261], [7.443271, 47.402264], [7.443276, 47.402267], [7.443281, 47.40227], [7.443285, 47.402273], [7.44329, 47.402276], [7.443296, 47.402279], [7.443301, 47.402282], [7.443306, 47.402285], [7.443311, 47.402288], [7.443316, 47.402291], [7.443322, 47.402293], [7.443327, 47.402296], [7.443332, 47.402299], [7.443336, 47.4023], [7.443341, 47.402302], [7.443345, 47.402303], [7.443349, 47.402305], [7.443353, 47.402306], [7.443358, 47.402307], [7.443362, 47.402309], [7.443366, 47.40231], [7.443371, 47.402311], [7.443375, 47.402312], [7.443379, 47.402313], [7.443384, 47.402314], [7.443388, 47.402315], [7.443393, 47.402316], [7.443397, 47.402317], [7.443402, 47.402318], [7.443407, 47.402318], [7.443411, 47.402319], [7.443416, 47.40232], [7.44342, 47.40232], [7.443425, 47.402321], [7.44343, 47.402321], [7.443434, 47.402322], [7.443439, 47.402322], [7.443444, 47.402322], [7.443448, 47.402323], [7.443453, 47.402323], [7.443458, 47.402323], [7.443656, 47.40229], [7.443947, 47.402215], [7.443952, 47.402214], [7.443957, 47.402213], [7.443962, 47.402211], [7.443967, 47.40221], [7.443972, 47.402209], [7.443976, 47.402208], [7.443981, 47.402206], [7.443986, 47.402205], [7.443991, 47.402204], [7.443995, 47.402202], [7.444, 47.4022], [7.444004, 47.402199], [7.444009, 47.402197], [7.444013, 47.402195], [7.444018, 47.402193], [7.444022, 47.402192], [7.444026, 47.40219], [7.44403, 47.402188], [7.444035, 47.402186], [7.444039, 47.402184], [7.444043, 47.402181], [7.444047, 47.402179], [7.444051, 47.402177], [7.444055, 47.402175], [7.444059, 47.402172], [7.444062, 47.40217], [7.444066, 47.402167], [7.44407, 47.402165], [7.444073, 47.402162], [7.444077, 47.40216], [7.44408, 47.402157], [7.444083, 47.402154], [7.444177, 47.402088], [7.444234, 47.40204], [7.444297, 47.401974], [7.444362, 47.401895], [7.444416, 47.401821], [7.444768, 47.401359], [7.444772, 47.401352], [7.444777, 47.401346], [7.444782, 47.401339], [7.444786, 47.401332], [7.444791, 47.401325], [7.444795, 47.401318], [7.444799, 47.401311], [7.444804, 47.401304], [7.444808, 47.401297], [7.444812, 47.401291], [7.444816, 47.401284], [7.444819, 47.401276], [7.444823, 47.401269], [7.444827, 47.401262], [7.44483, 47.401255], [7.444834, 47.401248], [7.444837, 47.401241], [7.44484, 47.401234], [7.444843, 47.401227], [7.444846, 47.401219], [7.444849, 47.401212], [7.444852, 47.401205], [7.444855, 47.401198], [7.444857, 47.401191], [7.44486, 47.401184], [7.444862, 47.401178], [7.444864, 47.401171], [7.444866, 47.401165], [7.444868, 47.401158], [7.44487, 47.401152], [7.444872, 47.401145], [7.444873, 47.401139], [7.444875, 47.401132], [7.444876, 47.401126], [7.444878, 47.401119], [7.444879, 47.401112], [7.444881, 47.401106], [7.444882, 47.401099], [7.444883, 47.401092], [7.444884, 47.401085], [7.444885, 47.401078], [7.444886, 47.401071], [7.444887, 47.401064], [7.444888, 47.401057], [7.444888, 47.40105], [7.444889, 47.401043], [7.44489, 47.401036], [7.44489, 47.401029], [7.44489, 47.401022], [7.44489, 47.401015], [7.444891, 47.401008], [7.444891, 47.401001], [7.444892, 47.400993], [7.444892, 47.400985], [7.444894, 47.400977], [7.444895, 47.40097], [7.444896, 47.400962], [7.444897, 47.400954], [7.444899, 47.400946], [7.4449, 47.400938], [7.444902, 47.400931], [7.444903, 47.400923], [7.444905, 47.400915], [7.444907, 47.400908], [7.444909, 47.4009], [7.444911, 47.400892], [7.444913, 47.400884], [7.444915, 47.400877], [7.444917, 47.400869], [7.444919, 47.400861], [7.444922, 47.400853], [7.444924, 47.400846], [7.444927, 47.400838], [7.44493, 47.40083], [7.444932, 47.400823], [7.444935, 47.400815], [7.444938, 47.400807], [7.444941, 47.4008], [7.444944, 47.400792], [7.444947, 47.400784], [7.444951, 47.400775], [7.444955, 47.400767], [7.444959, 47.400758], [7.444963, 47.400749], [7.444967, 47.40074], [7.444971, 47.400731], [7.444975, 47.400723], [7.444979, 47.400714], [7.444984, 47.400705], [7.444988, 47.400697], [7.444993, 47.400688], [7.444998, 47.400679], [7.445002, 47.400671], [7.445007, 47.400662], [7.445012, 47.400654], [7.445018, 47.400645], [7.445023, 47.400637], [7.445028, 47.400628], [7.445033, 47.40062], [7.445039, 47.400611], [7.445045, 47.400603], [7.44505, 47.400594], [7.445055, 47.400588], [7.445061, 47.400582], [7.445066, 47.400576], [7.445072, 47.40057], [7.445077, 47.400563], [7.445083, 47.400557], [7.445088, 47.400551], [7.445094, 47.400545], [7.4451, 47.400539], [7.445106, 47.400533], [7.445112, 47.400527], [7.445118, 47.400521], [7.445124, 47.400515], [7.44513, 47.40051], [7.445136, 47.400504], [7.445143, 47.400498], [7.445149, 47.400492], [7.445156, 47.400487], [7.445162, 47.400481], [7.445169, 47.400475], [7.445176, 47.400469], [7.445183, 47.400463], [7.445191, 47.400457], [7.445198, 47.400451], [7.445206, 47.400445], [7.445213, 47.400439], [7.445221, 47.400434], [7.445229, 47.400428], [7.445237, 47.400422], [7.445245, 47.400416], [7.445253, 47.400411], [7.445261, 47.400405], [7.445269, 47.4004], [7.445277, 47.400394], [7.445285, 47.400389], [7.445294, 47.400383], [7.445302, 47.400378], [7.445311, 47.400373], [7.445319, 47.400368], [7.445328, 47.400362], [7.445337, 47.400357], [7.445346, 47.400352], [7.445355, 47.400347], [7.445364, 47.400342], [7.445373, 47.400337], [7.445382, 47.400332], [7.445391, 47.400327], [7.445401, 47.400322], [7.44541, 47.400317], [7.44542, 47.400313], [7.445429, 47.400308], [7.445439, 47.400303], [7.445448, 47.400299], [7.445458, 47.400294], [7.445468, 47.40029], [7.445478, 47.400286], [7.445487, 47.400281], [7.445497, 47.400277], [7.445507, 47.400273], [7.445517, 47.400269], [7.445527, 47.400265], [7.445538, 47.400261], [7.445729, 47.400178], [7.446104, 47.400014], [7.446286, 47.399968], [7.44651, 47.399885], [7.446725, 47.399804], [7.446878, 47.399739], [7.447065, 47.399684], [7.447167, 47.399652], [7.447308, 47.399637], [7.447543, 47.399589], [7.447833, 47.399542], [7.448026, 47.399536], [7.448248, 47.399529], [7.448478, 47.399539], [7.448639, 47.399563], [7.448799, 47.39959], [7.448914, 47.399608], [7.449046, 47.399631], [7.449192, 47.399686], [7.449451, 47.399755], [7.449649, 47.399802], [7.449838, 47.399869], [7.449942, 47.399929], [7.45006, 47.399979], [7.450163, 47.400042], [7.450282, 47.400153], [7.450498, 47.400362], [7.450578, 47.400512], [7.450647, 47.40068], [7.450739, 47.40081], [7.450803, 47.400926], [7.450848, 47.401092], [7.450849, 47.401098], [7.450851, 47.401103], [7.450852, 47.401109], [7.450853, 47.401114], [7.450854, 47.40112], [7.450855, 47.401126], [7.450856, 47.401131], [7.450856, 47.401137], [7.450857, 47.401142], [7.450858, 47.401148], [7.450858, 47.401154], [7.450858, 47.401159], [7.450859, 47.401165], [7.450859, 47.40117], [7.450859, 47.401176], [7.450859, 47.401182], [7.450859, 47.401187], [7.450859, 47.401193], [7.450858, 47.401199], [7.450858, 47.401204], [7.450857, 47.40121], [7.450857, 47.401215], [7.450856, 47.401221], [7.450855, 47.401227], [7.450854, 47.401232], [7.450853, 47.401238], [7.450852, 47.401243], [7.450851, 47.401249], [7.450852, 47.401256], [7.450854, 47.401264], [7.450855, 47.401271], [7.450856, 47.401278], [7.450857, 47.401286], [7.450858, 47.401293], [7.450859, 47.4013], [7.45086, 47.401308], [7.450861, 47.401315], [7.450861, 47.401323], [7.450862, 47.40133], [7.450862, 47.401338], [7.450862, 47.401345], [7.450863, 47.401352], [7.450863, 47.40136], [7.450863, 47.401367], [7.450863, 47.401375], [7.450862, 47.401382], [7.450862, 47.40139], [7.450862, 47.401397], [7.450861, 47.401404], [7.450861, 47.401412], [7.45086, 47.401419], [7.450859, 47.401427], [7.450858, 47.401434], [7.450857, 47.401441], [7.450856, 47.401449], [7.450855, 47.401456], [7.450854, 47.401464], [7.450853, 47.401471], [7.450851, 47.401478], [7.45085, 47.401486], [7.450848, 47.401493], [7.450846, 47.4015], [7.450844, 47.401508], [7.450842, 47.401515], [7.45084, 47.401523], [7.450838, 47.40153], [7.450836, 47.401537], [7.450834, 47.401545], [7.450831, 47.401552], [7.450829, 47.401559], [7.450826, 47.401567], [7.450823, 47.401574], [7.450821, 47.401581], [7.450818, 47.401588], [7.450815, 47.401596], [7.450812, 47.401603], [7.450808, 47.40161], [7.450805, 47.401617], [7.450802, 47.401624], [7.450798, 47.401631], [7.450795, 47.401638], [7.450791, 47.401646], [7.450787, 47.401653], [7.450783, 47.40166], [7.450779, 47.401667], [7.450775, 47.401674], [7.450771, 47.401681], [7.450767, 47.401688], [7.450763, 47.401694], [7.450758, 47.401701], [7.450754, 47.401708], [7.450749, 47.401715], [7.450745, 47.401722], [7.45074, 47.401729], [7.450735, 47.401735], [7.45073, 47.401742], [7.450725, 47.401749], [7.45072, 47.401755], [7.450715, 47.401762], [7.450709, 47.401769], [7.450704, 47.401775], [7.450698, 47.401782], [7.450693, 47.401788], [7.450687, 47.401795], [7.450307, 47.402045], [7.449968, 47.402335], [7.449743, 47.402528], [7.449636, 47.402764], [7.449608, 47.402987], [7.449648, 47.403112], [7.449647, 47.403261], [7.449603, 47.40337], [7.449626, 47.40352], [7.449718, 47.403628], [7.450027, 47.403759], [7.450259, 47.403814], [7.451034, 47.403863], [7.451666, 47.403785], [7.452514, 47.403824], [7.45302, 47.403895], [7.45361, 47.404061], [7.454232, 47.404184], [7.454629, 47.404201], [7.454902, 47.40415], [7.455973, 47.403638], [7.455981, 47.403633], [7.455989, 47.403628], [7.455997, 47.403623], [7.456005, 47.403618], [7.456013, 47.403613], [7.456021, 47.403608], [7.456029, 47.403603], [7.456036, 47.403598], [7.456044, 47.403593], [7.456051, 47.403588], [7.456059, 47.403582], [7.456066, 47.403577], [7.456073, 47.403572], [7.456081, 47.403566], [7.456088, 47.403561], [7.456095, 47.403555], [7.456102, 47.40355], [7.456109, 47.403544], [7.456116, 47.403539], [7.456123, 47.403533], [7.456129, 47.403527], [7.456136, 47.403522], [7.456142, 47.403516], [7.456149, 47.40351], [7.456155, 47.403504], [7.456162, 47.403498], [7.456168, 47.403492], [7.456174, 47.403486], [7.45618, 47.40348], [7.456186, 47.403474], [7.456192, 47.403468], [7.456198, 47.403462], [7.456204, 47.403455], [7.45621, 47.403449], [7.456216, 47.403442], [7.456222, 47.403436], [7.456227, 47.403429], [7.456233, 47.403423], [7.456238, 47.403416], [7.456244, 47.403409], [7.456249, 47.403403], [7.456254, 47.403396], [7.456259, 47.403389], [7.456264, 47.403382], [7.456269, 47.403375], [7.456274, 47.403369], [7.456279, 47.403362], [7.456283, 47.403355], [7.456288, 47.403348], [7.456292, 47.403341], [7.456296, 47.403334], [7.456301, 47.403327], [7.456305, 47.40332], [7.456309, 47.403313], [7.456313, 47.403306], [7.456316, 47.403299], [7.45632, 47.403291], [7.456324, 47.403284], [7.456327, 47.403277], [7.456331, 47.40327], [7.456334, 47.403263], [7.456337, 47.403255], [7.45634, 47.403248], [7.456343, 47.403241], [7.456346, 47.403233], [7.456349, 47.403226], [7.456352, 47.403219], [7.456355, 47.403211], [7.456357, 47.403204], [7.456359, 47.403197], [7.456593, 47.402194], [7.4567, 47.40193], [7.456705, 47.40192], [7.45671, 47.40191], [7.456715, 47.4019], [7.456721, 47.40189], [7.456726, 47.40188], [7.456732, 47.40187], [7.456737, 47.40186], [7.456743, 47.40185], [7.456749, 47.40184], [7.456754, 47.40183], [7.45676, 47.40182], [7.456766, 47.401811], [7.456772, 47.401801], [7.456779, 47.401791], [7.456785, 47.401781], [7.456791, 47.401772], [7.456798, 47.401762], [7.456805, 47.401752], [7.456811, 47.401743], [7.456818, 47.401733], [7.456825, 47.401723], [7.456832, 47.401714], [7.456839, 47.401704], [7.456846, 47.401695], [7.456853, 47.401685], [7.456861, 47.401676], [7.456868, 47.401667], [7.456875, 47.401657], [7.456883, 47.401648], [7.456891, 47.401639], [7.456899, 47.401629], [7.456906, 47.40162], [7.456914, 47.401611], [7.456922, 47.401602], [7.45693, 47.401593], [7.456939, 47.401584], [7.456947, 47.401575], [7.456955, 47.401566], [7.456964, 47.401557], [7.456972, 47.401548], [7.456981, 47.401539], [7.45699, 47.40153], [7.456998, 47.401521], [7.457007, 47.401512], [7.457013, 47.401507], [7.457018, 47.401501], [7.457024, 47.401496], [7.45703, 47.40149], [7.457035, 47.401485], [7.457041, 47.401479], [7.457047, 47.401474], [7.457053, 47.401469], [7.457059, 47.401463], [7.457066, 47.401458], [7.457072, 47.401453], [7.457078, 47.401448], [7.457085, 47.401442], [7.457091, 47.401437], [7.457098, 47.401432], [7.457104, 47.401427], [7.457111, 47.401422], [7.457118, 47.401417], [7.457124, 47.401413], [7.457131, 47.401408], [7.457138, 47.401403], [7.457145, 47.401398], [7.457152, 47.401393], [7.457159, 47.401389], [7.457167, 47.401384], [7.457174, 47.40138], [7.457181, 47.401375], [7.457189, 47.401371], [7.457196, 47.401366], [7.457204, 47.401362], [7.457211, 47.401358], [7.457219, 47.401353], [7.457227, 47.401349], [7.457235, 47.401345], [7.457242, 47.401341], [7.45725, 47.401337], [7.457258, 47.401333], [7.457266, 47.401329], [7.457275, 47.401325], [7.457283, 47.401321], [7.457292, 47.401317], [7.4573, 47.401313], [7.457309, 47.401309], [7.457317, 47.401305], [7.457326, 47.401301], [7.457335, 47.401298], [7.457344, 47.401294], [7.457353, 47.401291], [7.457362, 47.401287], [7.457371, 47.401284], [7.45738, 47.401281], [7.457389, 47.401277], [7.457398, 47.401274], [7.457407, 47.401271], [7.457416, 47.401268], [7.457426, 47.401265], [7.457435, 47.401262], [7.457444, 47.401259], [7.457454, 47.401256], [7.457463, 47.401253], [7.457473, 47.401251], [7.457482, 47.401248], [7.457492, 47.401245], [7.457501, 47.401243], [7.457511, 47.40124], [7.457521, 47.401238], [7.457531, 47.401236], [7.45754, 47.401233], [7.45755, 47.401231], [7.45756, 47.401229], [7.45757, 47.401227], [7.45758, 47.401225], [7.457589, 47.401223], [7.457599, 47.401221], [7.457609, 47.401219], [7.457619, 47.401218], [7.457629, 47.401216], [7.457639, 47.401215], [7.458065, 47.4012], [7.458954, 47.401218], [7.459303, 47.40118], [7.459889, 47.401083], [7.460224, 47.401028], [7.460558, 47.400947], [7.461007, 47.400854], [7.46168, 47.400792], [7.461697, 47.40079], [7.461714, 47.400789], [7.461731, 47.400788], [7.461748, 47.400787], [7.461765, 47.400786], [7.461782, 47.400785], [7.461799, 47.400784], [7.461817, 47.400783], [7.461834, 47.400782], [7.461851, 47.400782], [7.461868, 47.400781], [7.461885, 47.400781], [7.461902, 47.40078], [7.461919, 47.40078], [7.461937, 47.400779], [7.461954, 47.400779], [7.461971, 47.400779], [7.461988, 47.400779], [7.462005, 47.400779], [7.462022, 47.400779], [7.462039, 47.400779], [7.462057, 47.400779], [7.462074, 47.40078], [7.462091, 47.40078], [7.462108, 47.40078], [7.462125, 47.400781], [7.462142, 47.400781], [7.46216, 47.400782], [7.462177, 47.400783], [7.462194, 47.400783], [7.462211, 47.400784], [7.462228, 47.400785], [7.462245, 47.400786], [7.462262, 47.400787], [7.462279, 47.400788], [7.462296, 47.400789], [7.462688, 47.400861], [7.462944, 47.401011], [7.463072, 47.401105], [7.46313, 47.401175], [7.46321, 47.40134], [7.463295, 47.401546], [7.463323, 47.401679], [7.463347, 47.401845], [7.463394, 47.401965], [7.463491, 47.402108], [7.463583, 47.40219], [7.463715, 47.402275], [7.463858, 47.402385], [7.46406, 47.40246], [7.464274, 47.402515], [7.464482, 47.402545], [7.464645, 47.402554], [7.464823, 47.402498], [7.465471, 47.402268], [7.466218, 47.402021], [7.466564, 47.401927], [7.466928, 47.401796], [7.467856, 47.401441], [7.468282, 47.401259], [7.468789, 47.401096], [7.469177, 47.40095], [7.469558, 47.400836], [7.470322, 47.40059], [7.470814, 47.40046], [7.471344, 47.400373], [7.471923, 47.400325], [7.472373, 47.400314], [7.472847, 47.400295], [7.473473, 47.400332], [7.474091, 47.400418], [7.474664, 47.400513], [7.474814, 47.400545], [7.475083, 47.400606], [7.475281, 47.400649], [7.475483, 47.400673], [7.475591, 47.400676], [7.475967, 47.400754], [7.476159, 47.400791], [7.476286, 47.400813], [7.476426, 47.400843], [7.476674, 47.400909], [7.476726, 47.400925], [7.476776, 47.400946], [7.476952, 47.401034], [7.477004, 47.40106], [7.47734, 47.401195], [7.47738, 47.401206], [7.477362, 47.401026], [7.477359, 47.400823], [7.477356, 47.40066], [7.477352, 47.400546], [7.477352, 47.40044], [7.477338, 47.400367], [7.477318, 47.400304], [7.477354, 47.400294], [7.477362, 47.400164], [7.477386, 47.399764], [7.4774, 47.39966], [7.477401, 47.39957], [7.47738, 47.399206], [7.477384, 47.399025], [7.477397, 47.398927], [7.47742, 47.398831], [7.477494, 47.39862], [7.477512, 47.398522], [7.477506, 47.398424], [7.477469, 47.398338], [7.477398, 47.39826], [7.477335, 47.398205], [7.477247, 47.398121], [7.477152, 47.398043], [7.477081, 47.397956], [7.477048, 47.397896], [7.477034, 47.397833], [7.477032, 47.397779], [7.477046, 47.397689], [7.477084, 47.397571], [7.477186, 47.397348], [7.477214, 47.397263], [7.477228, 47.397172], [7.477225, 47.396993], [7.477198, 47.396812], [7.477167, 47.396722], [7.477112, 47.396634], [7.476877, 47.396319], [7.476813, 47.396221], [7.476774, 47.396125], [7.476786, 47.396025], [7.476847, 47.395928], [7.476987, 47.395745], [7.4771, 47.395589], [7.477155, 47.395533], [7.477179, 47.395484], [7.47726, 47.39546], [7.477307, 47.395409], [7.477367, 47.395295], [7.477415, 47.395218], [7.477444, 47.395135], [7.477461, 47.395026], [7.47745, 47.394902], [7.477415, 47.394807], [7.477375, 47.394737], [7.477308, 47.394633], [7.477302, 47.394586], [7.477287, 47.394488], [7.477279, 47.394398], [7.477289, 47.394257], [7.477287, 47.394181], [7.477287, 47.394086], [7.477283, 47.393972], [7.477283, 47.393918], [7.47732, 47.393823], [7.477361, 47.393769], [7.477431, 47.393692], [7.47749, 47.39364], [7.477534, 47.393594], [7.477552, 47.393521], [7.477622, 47.393313], [7.477697, 47.39305], [7.47771, 47.392949], [7.477722, 47.392839], [7.477694, 47.392714], [7.477651, 47.39262], [7.477532, 47.392477], [7.477503, 47.392416], [7.477477, 47.392344], [7.477485, 47.392244], [7.477481, 47.392201], [7.477516, 47.392166], [7.4775, 47.392114], [7.477504, 47.392079], [7.477566, 47.39203], [7.477599, 47.391957], [7.477642, 47.391881], [7.477704, 47.391784], [7.477747, 47.391724], [7.477822, 47.391675], [7.477857, 47.391642], [7.477905, 47.391595], [7.47804, 47.391555], [7.478101, 47.391525], [7.478135, 47.391507], [7.478173, 47.391455], [7.478211, 47.391342], [7.478218, 47.391228], [7.478223, 47.391189], [7.478229, 47.391156], [7.478236, 47.391095], [7.478269, 47.391031], [7.478228, 47.390972], [7.47823, 47.390876], [7.478283, 47.390777], [7.47834, 47.390654], [7.47838, 47.390529], [7.478424, 47.390493], [7.47848, 47.390471], [7.478687, 47.390442], [7.478724, 47.390414], [7.478772, 47.390312], [7.478756, 47.390206], [7.478766, 47.39008], [7.47891, 47.389962], [7.478986, 47.389877], [7.479106, 47.389743], [7.479283, 47.38973], [7.479406, 47.389693], [7.479473, 47.389693], [7.479603, 47.389671], [7.479747, 47.389636], [7.479869, 47.3896], [7.480082, 47.389628], [7.480138, 47.389605], [7.48024, 47.389504], [7.480282, 47.389437], [7.480276, 47.389372], [7.48018, 47.389318], [7.48021, 47.389203], [7.480272, 47.389123], [7.480375, 47.389013], [7.480483, 47.38897], [7.480653, 47.38891], [7.480773, 47.388935], [7.480932, 47.388935], [7.480971, 47.388898], [7.480986, 47.388825], [7.481042, 47.388797], [7.481172, 47.388791], [7.481474, 47.388876], [7.481543, 47.388892], [7.481656, 47.388896], [7.481773, 47.388905], [7.481927, 47.388906], [7.482082, 47.388969], [7.482272, 47.388979], [7.48248, 47.388996], [7.482595, 47.389024], [7.482706, 47.389065], [7.482877, 47.389136], [7.483061, 47.389153], [7.483267, 47.389173], [7.483407, 47.389195], [7.483454, 47.389196], [7.48365, 47.389178], [7.483957, 47.389143], [7.484156, 47.389099], [7.484377, 47.389059], [7.484492, 47.388993], [7.484596, 47.388927], [7.484659, 47.388905], [7.484745, 47.388896], [7.484849, 47.388176], [7.484907, 47.387435], [7.485089, 47.387297], [7.485704, 47.387125], [7.485912, 47.386999], [7.486073, 47.387006], [7.486347, 47.386901], [7.486819, 47.386735], [7.487567, 47.386497], [7.488336, 47.386236], [7.48872, 47.386153], [7.489161, 47.386059], [7.489891, 47.38589], [7.490401, 47.385746], [7.490851, 47.385618], [7.49089, 47.385606], [7.491303, 47.385498], [7.49179, 47.385373], [7.492333, 47.385236], [7.492582, 47.385209], [7.493424, 47.385176], [7.494211, 47.385065], [7.49486, 47.384952], [7.496392, 47.38473], [7.497138, 47.384636], [7.497747, 47.384534], [7.498269, 47.384497], [7.49922, 47.384525], [7.500138, 47.38456], [7.500816, 47.384595], [7.501383, 47.384664], [7.502261, 47.384811], [7.503056, 47.385021], [7.503702, 47.385523], [7.504317, 47.3858], [7.504628, 47.38598], [7.50495, 47.386138], [7.50529, 47.386427], [7.505715, 47.386698], [7.50619, 47.386843], [7.50728, 47.387483], [7.51001, 47.389004], [7.510716, 47.389562], [7.511302, 47.389748], [7.511678, 47.389473], [7.513509, 47.389373], [7.514167, 47.389163], [7.515921, 47.388817], [7.516285, 47.388656], [7.51723, 47.388511], [7.518623, 47.388227], [7.518967, 47.388595], [7.519425, 47.389135], [7.5204, 47.390262], [7.521372, 47.391206], [7.526302, 47.398402], [7.526449, 47.398549], [7.528877, 47.400992], [7.529022, 47.401138], [7.529521, 47.401487], [7.52997, 47.401791], [7.530257, 47.402003], [7.530439, 47.402097], [7.530664, 47.402401], [7.530771, 47.402789], [7.530885, 47.403065], [7.530938, 47.403481], [7.531178, 47.403529], [7.531167, 47.403693], [7.53123, 47.404102], [7.53125, 47.404344], [7.531086, 47.404661], [7.531202, 47.404915], [7.530886, 47.405356], [7.530625, 47.405606], [7.530491, 47.40584], [7.529861, 47.40641], [7.528754, 47.407601], [7.528038, 47.407908], [7.527658, 47.408308], [7.52732, 47.408514], [7.527424, 47.409243], [7.527072, 47.410023], [7.525241, 47.411637], [7.525921, 47.411858], [7.526059, 47.4119], [7.526142, 47.411856], [7.531176, 47.412735], [7.533224, 47.413065], [7.534045, 47.413196], [7.534747, 47.413311], [7.537694, 47.413568], [7.539152, 47.413695], [7.543085, 47.414037], [7.544835, 47.414104], [7.546608, 47.414172], [7.548783, 47.414261], [7.549986, 47.414309], [7.551153, 47.414353], [7.553185, 47.414315], [7.554514, 47.414291], [7.556317, 47.414257], [7.557957, 47.41405], [7.559259, 47.413881], [7.559676, 47.413855], [7.560186, 47.413818], [7.561176, 47.413754], [7.56165, 47.413721], [7.562827, 47.41364], [7.56477, 47.413505], [7.566079, 47.413413], [7.566788, 47.41346], [7.567762, 47.413529], [7.568366, 47.413572], [7.569216, 47.413633], [7.569902, 47.413682], [7.571234, 47.413775], [7.572609, 47.413872], [7.573955, 47.413965], [7.575658, 47.414074], [7.576807, 47.414149], [7.578198, 47.414335], [7.579669, 47.414549], [7.579855, 47.414574], [7.580666, 47.414688], [7.580748, 47.414708], [7.580733, 47.414752], [7.580716, 47.4148], [7.580699, 47.414827], [7.580633, 47.414901], [7.580579, 47.414925], [7.580485, 47.41494], [7.580394, 47.414979], [7.580368, 47.415019], [7.580353, 47.415089], [7.580373, 47.415159], [7.580359, 47.415201], [7.580209, 47.415348], [7.580144, 47.415403], [7.580072, 47.415473], [7.580016, 47.415555], [7.579972, 47.415604], [7.579871, 47.415674], [7.579807, 47.415729], [7.579733, 47.415798], [7.579663, 47.41585], [7.579502, 47.415959], [7.579398, 47.416127], [7.579378, 47.416281], [7.579329, 47.416337], [7.579275, 47.416508], [7.579248, 47.41654], [7.579208, 47.416572], [7.579147, 47.41661], [7.579101, 47.41667], [7.579039, 47.416933], [7.579034, 47.417049], [7.57903, 47.417106], [7.578991, 47.417158], [7.578945, 47.417207], [7.578831, 47.417307], [7.57876, 47.417319], [7.578662, 47.417411], [7.578421, 47.417585], [7.578367, 47.417608], [7.578123, 47.417681], [7.578017, 47.417698], [7.577638, 47.417799], [7.577371, 47.417965], [7.577145, 47.418016], [7.577104, 47.41807], [7.576849, 47.418233], [7.576451, 47.418427], [7.576235, 47.418564], [7.576186, 47.418592], [7.576136, 47.41864], [7.576062, 47.418691], [7.575906, 47.41884], [7.575796, 47.418918], [7.575663, 47.41898], [7.575354, 47.419076], [7.574643, 47.419357], [7.574489, 47.419436], [7.574372, 47.419478], [7.574172, 47.419495], [7.573951, 47.419498], [7.573402, 47.419482], [7.573252, 47.419468], [7.573137, 47.419417], [7.572986, 47.419296], [7.572842, 47.419199], [7.572697, 47.419162], [7.572547, 47.419154], [7.572426, 47.419169], [7.572043, 47.419274], [7.571849, 47.419296], [7.571674, 47.41933], [7.571497, 47.419393], [7.57141, 47.419483], [7.571136, 47.419626], [7.570843, 47.419834], [7.570755, 47.419927], [7.57066, 47.420015], [7.570499, 47.420174], [7.570342, 47.420379], [7.569991, 47.420571], [7.56947, 47.420749], [7.569416, 47.420814], [7.569389, 47.420929], [7.569393, 47.420975], [7.569414, 47.421046], [7.569418, 47.421159], [7.569384, 47.421222], [7.569365, 47.421257], [7.569333, 47.421302], [7.569298, 47.421342], [7.569173, 47.421514], [7.569157, 47.42156], [7.569156, 47.421582], [7.569144, 47.421611], [7.569139, 47.421645], [7.569156, 47.421691], [7.569182, 47.421788], [7.569185, 47.421862], [7.569163, 47.421919], [7.569097, 47.421982], [7.569035, 47.422051], [7.568925, 47.422142], [7.568847, 47.422182], [7.568734, 47.422148], [7.568641, 47.422111], [7.568542, 47.42212], [7.568434, 47.422171], [7.568357, 47.422222], [7.568286, 47.422297], [7.568232, 47.422383], [7.568191, 47.422492], [7.568185, 47.42256], [7.568199, 47.422789], [7.568246, 47.422857], [7.568298, 47.422903], [7.568351, 47.42296], [7.568443, 47.423114], [7.568492, 47.423228], [7.568511, 47.423285], [7.568509, 47.423354], [7.568482, 47.423405], [7.568456, 47.423428], [7.568381, 47.423485], [7.568357, 47.423514], [7.568336, 47.423559], [7.56829, 47.423691], [7.568262, 47.423794], [7.568256, 47.423862], [7.568255, 47.423948], [7.568272, 47.424136], [7.56825, 47.424211], [7.568187, 47.424342], [7.568159, 47.424394], [7.568079, 47.424502], [7.568, 47.424594], [7.567872, 47.424725], [7.567782, 47.424799], [7.567763, 47.424822], [7.567737, 47.424874], [7.567733, 47.424891], [7.567732, 47.424959], [7.567797, 47.425091], [7.567811, 47.425199], [7.567798, 47.425308], [7.567718, 47.425439], [7.567537, 47.425696], [7.56747, 47.425856], [7.567469, 47.425948], [7.56751, 47.426073], [7.567632, 47.426302], [7.567732, 47.426467], [7.567799, 47.426541], [7.567926, 47.426621], [7.56806, 47.426792], [7.568131, 47.426907], [7.568197, 47.426998], [7.568322, 47.427312], [7.568344, 47.427397], [7.568357, 47.427483], [7.568338, 47.427883], [7.568343, 47.428208], [7.56838, 47.428288], [7.568427, 47.428328], [7.56856, 47.428574], [7.56857, 47.428648], [7.568627, 47.428836], [7.568715, 47.428979], [7.568912, 47.429356], [7.568942, 47.429453], [7.568978, 47.429847], [7.569014, 47.430024], [7.56916, 47.430401], [7.569179, 47.430583], [7.569111, 47.430675], [7.569089, 47.430743], [7.569103, 47.430846], [7.569095, 47.430886], [7.569114, 47.430949], [7.569081, 47.43104], [7.569057, 47.431086], [7.569052, 47.431126], [7.569093, 47.43128], [7.569111, 47.431412], [7.569137, 47.431497], [7.569122, 47.431594], [7.569041, 47.431783], [7.568961, 47.431903], [7.56885, 47.432023], [7.568776, 47.432137], [7.568755, 47.432195], [7.568751, 47.432274], [7.568766, 47.432343], [7.568865, 47.432571], [7.568926, 47.432691], [7.56889, 47.432834], [7.56889, 47.43296], [7.568845, 47.433023], [7.568806, 47.433091], [7.568804, 47.433165], [7.568836, 47.43324], [7.568823, 47.433297], [7.568825, 47.433405], [7.568845, 47.433514], [7.568879, 47.433594], [7.568888, 47.433742], [7.568927, 47.433913], [7.56897, 47.433993], [7.569112, 47.434165], [7.569133, 47.434215], [7.569143, 47.434239], [7.569144, 47.434242], [7.569165, 47.43429], [7.569206, 47.43449], [7.569199, 47.434696], [7.569176, 47.434833], [7.569174, 47.434975], [7.569183, 47.435118], [7.569168, 47.435175], [7.569123, 47.43525], [7.56903, 47.435427], [7.568989, 47.435558], [7.568957, 47.435798], [7.568941, 47.435852], [7.568934, 47.435873], [7.568861, 47.436015], [7.568776, 47.436152], [7.568651, 47.436364], [7.568609, 47.436444], [7.568569, 47.436501], [7.568541, 47.436564], [7.56854, 47.436621], [7.568564, 47.436684], [7.568614, 47.436735], [7.568853, 47.436843], [7.568885, 47.436878], [7.568886, 47.436905], [7.56897, 47.43689], [7.569758, 47.436752], [7.570358, 47.436662], [7.570698, 47.436561], [7.571599, 47.43647], [7.571879, 47.436596], [7.572199, 47.436618], [7.572491, 47.436602], [7.572619, 47.436552], [7.572739, 47.436458], [7.573217, 47.436414], [7.57381, 47.436452], [7.573906, 47.436455], [7.574211, 47.436518], [7.574767, 47.436567], [7.575136, 47.436668], [7.57527, 47.43669], [7.575547, 47.436743], [7.57562, 47.436751], [7.575706, 47.436464], [7.576532, 47.436083], [7.576739, 47.43593], [7.57733, 47.435413], [7.577793, 47.43519], [7.57843, 47.434911], [7.578378, 47.434358], [7.578316, 47.433788], [7.577967, 47.433162], [7.577656, 47.432443], [7.57898, 47.43226], [7.579945, 47.432082], [7.580107, 47.432052], [7.580101, 47.431939], [7.580065, 47.431785], [7.580033, 47.431613], [7.579985, 47.431448], [7.579865, 47.431208], [7.579831, 47.431157], [7.579805, 47.431128], [7.579678, 47.431066], [7.579661, 47.431043], [7.579665, 47.430963], [7.579663, 47.430923], [7.579654, 47.430883], [7.57962, 47.430837], [7.579534, 47.430763], [7.579454, 47.430712], [7.579409, 47.430672], [7.579413, 47.43058], [7.579416, 47.430381], [7.5794, 47.430261], [7.579305, 47.43019], [7.581213, 47.428784], [7.584913, 47.428627], [7.589618, 47.431341], [7.592075, 47.432716], [7.594004, 47.432372], [7.595983, 47.432267], [7.598575, 47.432132], [7.602163, 47.43125], [7.607429, 47.432668], [7.608854, 47.432707], [7.611398, 47.432792], [7.614026, 47.433359], [7.615805, 47.432752], [7.615846, 47.433348], [7.616141, 47.437619], [7.615268, 47.439578], [7.616477, 47.441831], [7.616465, 47.442631], [7.616455, 47.443426], [7.616441, 47.444088], [7.616365, 47.444439], [7.616471, 47.445238], [7.617279, 47.446802], [7.618512, 47.447656], [7.618447, 47.447777], [7.618595, 47.447954], [7.618534, 47.448144], [7.618865, 47.449013], [7.619446, 47.449594], [7.619983, 47.45064], [7.620091, 47.451109], [7.619903, 47.451232], [7.620268, 47.452256], [7.620587, 47.452912], [7.621189, 47.454327], [7.622034, 47.455672], [7.622608, 47.457148], [7.622056, 47.45923], [7.62218, 47.461956], [7.624235, 47.461549], [7.626079, 47.462918], [7.624833, 47.463196], [7.62407, 47.463899], [7.622506, 47.465219], [7.620831, 47.466076], [7.620341, 47.466441], [7.620017, 47.4669], [7.618879, 47.467457], [7.618429, 47.467531], [7.617952, 47.467546], [7.61685, 47.46758], [7.615461, 47.468117], [7.614184, 47.46861], [7.613137, 47.468907], [7.612407, 47.469243], [7.612025, 47.469569], [7.611385, 47.469937], [7.61104, 47.470017], [7.610548, 47.47003], [7.608948, 47.469996], [7.608483, 47.469964], [7.605852, 47.470123], [7.604782, 47.470383], [7.604501, 47.47045], [7.604531, 47.470541], [7.605367, 47.471497], [7.606022, 47.472248], [7.606712, 47.473041], [7.6071, 47.473482], [7.607338, 47.473787], [7.607563, 47.474102], [7.607779, 47.47445], [7.607961, 47.4748], [7.608155, 47.475218], [7.606452, 47.47552], [7.606202, 47.475565], [7.60635, 47.476012], [7.606354, 47.476024], [7.606358, 47.476037], [7.606362, 47.476049], [7.606366, 47.476062], [7.606369, 47.476074], [7.606373, 47.476087], [7.606376, 47.476099], [7.60638, 47.476111], [7.606383, 47.476124], [7.606386, 47.476136], [7.606389, 47.476149], [7.606392, 47.476162], [7.606395, 47.476174], [7.606398, 47.476187], [7.6064, 47.476199], [7.606403, 47.476212], [7.606405, 47.476224], [7.606408, 47.476237], [7.60641, 47.47625], [7.606412, 47.476262], [7.606414, 47.476275], [7.606416, 47.476287], [7.606418, 47.4763], [7.606419, 47.476313], [7.606421, 47.476325], [7.606422, 47.476338], [7.606424, 47.476351], [7.606425, 47.476363], [7.606426, 47.476376], [7.606427, 47.476389], [7.606428, 47.476401], [7.606429, 47.476414], [7.60643, 47.476427], [7.606431, 47.476439], [7.606431, 47.476452], [7.606432, 47.476465], [7.606432, 47.476478], [7.606432, 47.47649], [7.606432, 47.476503], [7.606432, 47.476516], [7.606432, 47.476528], [7.606432, 47.476541], [7.606432, 47.476554], [7.606432, 47.476566], [7.606431, 47.476579], [7.60643, 47.476592], [7.60643, 47.476604], [7.606429, 47.476617], [7.606428, 47.47663], [7.606427, 47.476643], [7.606426, 47.476655], [7.606425, 47.476668], [7.606424, 47.476681], [7.606422, 47.476693], [7.606421, 47.476706], [7.606419, 47.476718], [7.606417, 47.476731], [7.606415, 47.476744], [7.606414, 47.476756], [7.606412, 47.476769], [7.606409, 47.476782], [7.606407, 47.476794], [7.606405, 47.476807], [7.606402, 47.476819], [7.6064, 47.476832], [7.606397, 47.476845], [7.606394, 47.476857], [7.606392, 47.47687], [7.606389, 47.476882], [7.606386, 47.476895], [7.606382, 47.476907], [7.606379, 47.47692], [7.606376, 47.476932], [7.606372, 47.476945], [7.606369, 47.476957], [7.606365, 47.47697], [7.606361, 47.476982], [7.606357, 47.476995], [7.606354, 47.477007], [7.606349, 47.477019], [7.606345, 47.477032], [7.606341, 47.477044], [7.606337, 47.477056], [7.606332, 47.477069], [7.605741, 47.47877], [7.605737, 47.478783], [7.605732, 47.478797], [7.605728, 47.478811], [7.605723, 47.478824], [7.605719, 47.478838], [7.605715, 47.478852], [7.605711, 47.478865], [7.605707, 47.478879], [7.605704, 47.478893], [7.6057, 47.478906], [7.605696, 47.47892], [7.605693, 47.478934], [7.60569, 47.478947], [7.605686, 47.478961], [7.605683, 47.478975], [7.60568, 47.478989], [7.605677, 47.479003], [7.605675, 47.479016], [7.605672, 47.47903], [7.605669, 47.479044], [7.605667, 47.479058], [7.605664, 47.479072], [7.605662, 47.479085], [7.60566, 47.479099], [7.605658, 47.479113], [7.605656, 47.479127], [7.605654, 47.479141], [7.605652, 47.479155], [7.60565, 47.479169], [7.605649, 47.479183], [7.605647, 47.479196], [7.605646, 47.47921], [7.605645, 47.479224], [7.605643, 47.479238], [7.605642, 47.479252], [7.605641, 47.479266], [7.605641, 47.47928], [7.60564, 47.479294], [7.605639, 47.479308], [7.605639, 47.479322], [7.605638, 47.479336], [7.605638, 47.47935], [7.605638, 47.479363], [7.605638, 47.479377], [7.605638, 47.479391], [7.605638, 47.479405], [7.605638, 47.479419], [7.605638, 47.479433], [7.605639, 47.479447], [7.605639, 47.479461], [7.60564, 47.479475], [7.60564, 47.479489], [7.605641, 47.479503], [7.605642, 47.479517], [7.605643, 47.479531], [7.605644, 47.479544], [7.605646, 47.479558], [7.605647, 47.479572], [7.605648, 47.479586], [7.60565, 47.4796], [7.605652, 47.479614], [7.605653, 47.479628], [7.605655, 47.479642], [7.605657, 47.479656], [7.605659, 47.479669], [7.605661, 47.479683], [7.605664, 47.479697], [7.605666, 47.479711], [7.605668, 47.479725], [7.605671, 47.479739], [7.605674, 47.479752], [7.605677, 47.479766], [7.605679, 47.47978], [7.605682, 47.479794], [7.605686, 47.479807], [7.605689, 47.479821], [7.605692, 47.479835], [7.605695, 47.479849], [7.605699, 47.479862], [7.605703, 47.479876], [7.605706, 47.47989], [7.60571, 47.479904], [7.605714, 47.479917], [7.605718, 47.479931], [7.605722, 47.479945], [7.605726, 47.479958], [7.605731, 47.479972], [7.605735, 47.479985], [7.60574, 47.479999], [7.605744, 47.480013], [7.605749, 47.480026], [7.605754, 47.48004], [7.605759, 47.480053], [7.605764, 47.480067], [7.605768, 47.480079], [7.605772, 47.480091], [7.605776, 47.480103], [7.60578, 47.480115], [7.605785, 47.480126], [7.605789, 47.480138], [7.605794, 47.48015], [7.605798, 47.480162], [7.605803, 47.480174], [7.605808, 47.480186], [7.605813, 47.480198], [7.605818, 47.48021], [7.605823, 47.480221], [7.605828, 47.480233], [7.605833, 47.480245], [7.605839, 47.480257], [7.605844, 47.480268], [7.60585, 47.48028], [7.605855, 47.480292], [7.605861, 47.480303], [7.605867, 47.480315], [7.605873, 47.480327], [7.605879, 47.480338], [7.605885, 47.48035], [7.605891, 47.480361], [7.605897, 47.480373], [7.605904, 47.480384], [7.60591, 47.480396], [7.605917, 47.480407], [7.605924, 47.480419], [7.60593, 47.48043], [7.605937, 47.480441], [7.605944, 47.480453], [7.605951, 47.480464], [7.605958, 47.480475], [7.605966, 47.480487], [7.605973, 47.480498], [7.60598, 47.480509], [7.605988, 47.48052], [7.605995, 47.480531], [7.606003, 47.480543], [7.606011, 47.480554], [7.606019, 47.480565], [7.606027, 47.480576], [7.606035, 47.480587], [7.606043, 47.480598], [7.606051, 47.480609], [7.606059, 47.48062], [7.606068, 47.48063], [7.606076, 47.480641], [7.606085, 47.480652], [7.606094, 47.480663], [7.606102, 47.480674], [7.606111, 47.480684], [7.60612, 47.480695], [7.606129, 47.480706], [7.606137, 47.480715], [7.606145, 47.480724], [7.606153, 47.480734], [7.606161, 47.480743], [7.606169, 47.480752], [7.606177, 47.480761], [7.606186, 47.48077], [7.606194, 47.480779], [7.606203, 47.480788], [7.606212, 47.480797], [7.60622, 47.480806], [7.606229, 47.480815], [7.606238, 47.480824], [7.606247, 47.480833], [7.606256, 47.480842], [7.606265, 47.480851], [7.606275, 47.480859], [7.606284, 47.480868], [7.606293, 47.480877], [7.606303, 47.480885], [7.606312, 47.480894], [7.606322, 47.480902], [7.606332, 47.480911], [7.606342, 47.480919], [7.606352, 47.480928], [7.606362, 47.480936], [7.606372, 47.480944], [7.606382, 47.480952], [7.606392, 47.480961], [7.606402, 47.480969], [7.606413, 47.480977], [7.606423, 47.480985], [7.606434, 47.480993], [7.606445, 47.481001], [7.606455, 47.481009], [7.606466, 47.481017], [7.606477, 47.481024], [7.606488, 47.481032], [7.606499, 47.48104], [7.60651, 47.481048], [7.606521, 47.481055], [7.606532, 47.481063], [7.606544, 47.48107], [7.606555, 47.481078], [7.606567, 47.481085], [7.606578, 47.481092], [7.60659, 47.4811], [7.606602, 47.481107], [7.606613, 47.481114], [7.606625, 47.481121], [7.606637, 47.481128], [7.606649, 47.481135], [7.606661, 47.481142], [7.606673, 47.481149], [7.606685, 47.481156], [7.606698, 47.481163], [7.60671, 47.48117], [7.606722, 47.481177], [7.606735, 47.481183], [7.606747, 47.48119], [7.60676, 47.481196], [7.606772, 47.481203], [7.606785, 47.481209], [7.606798, 47.481216], [7.606811, 47.481222], [7.606823, 47.481228], [7.606836, 47.481234], [7.606849, 47.48124], [7.606862, 47.481247], [7.606876, 47.481253], [7.606889, 47.481259], [7.606902, 47.481264], [7.606915, 47.48127], [7.606929, 47.481276], [7.606942, 47.481282], [7.606956, 47.481287], [7.606969, 47.481293], [7.606983, 47.481299], [7.606996, 47.481304], [7.60701, 47.48131], [7.607024, 47.481315], [7.607037, 47.48132], [7.607051, 47.481325], [7.607065, 47.481331], [7.607596, 47.481528], [7.607608, 47.481532], [7.607619, 47.481537], [7.60763, 47.481541], [7.607641, 47.481546], [7.607652, 47.48155], [7.607663, 47.481555], [7.607674, 47.48156], [7.607685, 47.481564], [7.607696, 47.481569], [7.607707, 47.481574], [7.607718, 47.481579], [7.607728, 47.481584], [7.607739, 47.481589], [7.60775, 47.481594], [7.60776, 47.4816], [7.60777, 47.481605], [7.607781, 47.48161], [7.607791, 47.481615], [7.607802, 47.481621], [7.607812, 47.481626], [7.607822, 47.481632], [7.607832, 47.481637], [7.607842, 47.481643], [7.607852, 47.481649], [7.607862, 47.481654], [7.607872, 47.48166], [7.607881, 47.481666], [7.607891, 47.481672], [7.607901, 47.481678], [7.60791, 47.481684], [7.60792, 47.48169], [7.607929, 47.481696], [7.607938, 47.481702], [7.607948, 47.481708], [7.607957, 47.481715], [7.607966, 47.481721], [7.607975, 47.481727], [7.607984, 47.481734], [7.607993, 47.48174], [7.608002, 47.481747], [7.608011, 47.481753], [7.608019, 47.48176], [7.608028, 47.481766], [7.608036, 47.481773], [7.608045, 47.48178], [7.608053, 47.481786], [7.608061, 47.481793], [7.60807, 47.4818], [7.608078, 47.481807], [7.608086, 47.481814], [7.608094, 47.481821], [7.608102, 47.481828], [7.60811, 47.481835], [7.608117, 47.481842], [7.608125, 47.481849], [7.608133, 47.481856], [7.60814, 47.481863], [7.608147, 47.481871], [7.608155, 47.481878], [7.608162, 47.481885], [7.608169, 47.481893], [7.608176, 47.4819], [7.608183, 47.481908], [7.60819, 47.481915], [7.608197, 47.481923], [7.608203, 47.48193], [7.60821, 47.481938], [7.608217, 47.481945], [7.608223, 47.481953], [7.608229, 47.481961], [7.608236, 47.481968], [7.608242, 47.481976], [7.608248, 47.481984], [7.608254, 47.481992], [7.60826, 47.482], [7.608266, 47.482008], [7.608271, 47.482016], [7.608277, 47.482024], [7.608283, 47.482031], [7.608288, 47.48204], [7.608293, 47.482048], [7.608299, 47.482056], [7.608304, 47.482064], [7.608309, 47.482072], [7.608314, 47.48208], [7.608319, 47.482088], [7.608324, 47.482096], [7.608328, 47.482105], [7.608333, 47.482113], [7.608337, 47.482121], [7.608342, 47.482129], [7.608346, 47.482138], [7.60835, 47.482146], [7.608354, 47.482154], [7.608358, 47.482163], [7.608362, 47.482171], [7.608366, 47.48218], [7.60837, 47.482188], [7.608476, 47.482439], [7.608485, 47.48246], [7.608762, 47.483116], [7.608766, 47.483127], [7.60877, 47.483137], [7.608775, 47.483147], [7.608779, 47.483158], [7.608783, 47.483168], [7.608786, 47.483179], [7.60879, 47.483189], [7.608794, 47.4832], [7.608797, 47.48321], [7.608801, 47.483221], [7.608804, 47.483231], [7.608807, 47.483242], [7.60881, 47.483252], [7.608813, 47.483263], [7.608816, 47.483273], [7.608819, 47.483284], [7.608822, 47.483294], [7.608825, 47.483305], [7.608827, 47.483316], [7.60883, 47.483326], [7.608832, 47.483337], [7.608834, 47.483347], [7.608836, 47.483358], [7.608838, 47.483369], [7.60884, 47.483379], [7.608842, 47.48339], [7.608844, 47.483401], [7.608846, 47.483412], [7.608847, 47.483422], [7.608849, 47.483433], [7.60885, 47.483444], [7.608851, 47.483454], [7.608852, 47.483465], [7.608853, 47.483476], [7.608854, 47.483487], [7.608855, 47.483497], [7.608856, 47.483508], [7.608856, 47.483519], [7.608857, 47.483529], [7.608857, 47.48354], [7.608858, 47.483551], [7.608858, 47.483562], [7.608858, 47.483572], [7.608858, 47.483583], [7.608858, 47.483594], [7.608858, 47.483605], [7.608857, 47.483615], [7.608857, 47.483626], [7.608857, 47.483637], [7.608856, 47.483648], [7.608855, 47.483658], [7.608855, 47.483669], [7.608854, 47.48368], [7.608853, 47.483691], [7.608852, 47.483701], [7.60885, 47.483712], [7.608849, 47.483723], [7.608848, 47.483733], [7.608846, 47.483744], [7.608845, 47.483755], [7.608843, 47.483766], [7.608841, 47.483776], [7.608839, 47.483787], [7.608837, 47.483798], [7.608835, 47.483808], [7.608833, 47.483819], [7.608831, 47.483829], [7.608828, 47.48384], [7.608826, 47.483851], [7.608823, 47.483861], [7.60882, 47.483872], [7.608818, 47.483882], [7.608815, 47.483893], [7.608812, 47.483904], [7.608809, 47.483914], [7.608805, 47.483925], [7.608802, 47.483935], [7.608799, 47.483946], [7.608795, 47.483956], [7.608792, 47.483967], [7.608786, 47.483984], [7.60878, 47.484002], [7.608773, 47.484019], [7.608767, 47.484037], [7.608761, 47.484054], [7.608754, 47.484072], [7.608748, 47.484089], [7.608741, 47.484107], [7.608734, 47.484124], [7.608727, 47.484141], [7.608721, 47.484159], [7.608713, 47.484176], [7.608706, 47.484194], [7.608699, 47.484211], [7.608692, 47.484228], [7.608684, 47.484246], [7.608677, 47.484263], [7.608669, 47.48428], [7.608661, 47.484297], [7.608654, 47.484315], [7.608646, 47.484332], [7.608638, 47.484349], [7.60863, 47.484366], [7.608621, 47.484383], [7.608613, 47.4844], [7.608605, 47.484418], [7.608596, 47.484435], [7.608588, 47.484452], [7.608579, 47.484469], [7.60857, 47.484486], [7.608561, 47.484503], [7.608552, 47.48452], [7.608543, 47.484537], [7.608534, 47.484554], [7.608525, 47.48457], [7.608516, 47.484587], [7.608506, 47.484604], [7.608497, 47.484621], [7.608487, 47.484638], [7.608477, 47.484655], [7.608468, 47.484671], [7.608458, 47.484688], [7.608448, 47.484705], [7.608438, 47.484721], [7.608428, 47.484738], [7.608417, 47.484755], [7.608407, 47.484771], [7.608396, 47.484788], [7.608386, 47.484804], [7.608375, 47.484821], [7.608365, 47.484837], [7.608354, 47.484854], [7.608343, 47.48487], [7.608332, 47.484887], [7.608321, 47.484903], [7.60831, 47.484919], [7.608298, 47.484936], [7.608287, 47.484952], [7.608275, 47.484968], [7.608264, 47.484985], [7.608053, 47.485535], [7.607402, 47.48833], [7.607397, 47.488387], [7.607362, 47.488786], [7.607351, 47.488911], [7.607306, 47.489403], [7.607428, 47.489393], [7.607665, 47.489373], [7.608426, 47.489309], [7.608937, 47.489276], [7.608996, 47.489198], [7.609052, 47.489123], [7.609197, 47.489173], [7.609732, 47.489106], [7.609849, 47.489173], [7.609899, 47.489085], [7.609945, 47.488992], [7.610061, 47.488758], [7.610227, 47.488789], [7.610304, 47.488792], [7.610301, 47.488829], [7.610343, 47.488831], [7.610302, 47.489236], [7.610406, 47.489241], [7.61039, 47.489398], [7.610635, 47.489409], [7.610664, 47.489121], [7.610756, 47.489125], [7.610784, 47.488854], [7.611398, 47.488883], [7.611403, 47.488832], [7.611778, 47.48885], [7.611774, 47.488945], [7.612272, 47.488948], [7.612617, 47.488743], [7.612809, 47.488641], [7.612891, 47.488616], [7.612955, 47.4887], [7.613054, 47.488688], [7.613321, 47.488805], [7.613413, 47.488859], [7.6136, 47.488903], [7.614014, 47.489183], [7.614215, 47.489229], [7.61427, 47.489254], [7.614502, 47.489283], [7.61473, 47.489244], [7.614944, 47.489245], [7.615382, 47.489141], [7.615607, 47.489088], [7.616002, 47.488992], [7.616395, 47.48894], [7.616391, 47.488927], [7.616726, 47.48887], [7.618071, 47.488395], [7.619106, 47.488006], [7.619408, 47.487941], [7.619546, 47.487888], [7.619685, 47.48779], [7.620554, 47.487464], [7.621811, 47.487216], [7.624152, 47.48667], [7.624313, 47.486587], [7.624416, 47.486447], [7.625173, 47.486144], [7.625287, 47.486085], [7.626092, 47.485437], [7.626785, 47.485105], [7.627208, 47.4849], [7.628071, 47.484711], [7.62965, 47.484322], [7.630161, 47.484453], [7.632607, 47.484442], [7.633326, 47.484359], [7.634564, 47.484219], [7.636186, 47.484034], [7.636794, 47.483869], [7.637411, 47.483704], [7.638251, 47.483477], [7.639344, 47.483181], [7.640112, 47.482971], [7.640973, 47.482738], [7.641727, 47.483087], [7.642151, 47.483283], [7.643099, 47.484159], [7.643428, 47.484526], [7.64398, 47.485143], [7.644429, 47.485642], [7.645724, 47.48524], [7.646325, 47.485125], [7.647288, 47.484812], [7.648454, 47.485007], [7.649693, 47.485212], [7.650286, 47.485388], [7.65099, 47.485723], [7.65165, 47.485883], [7.652821, 47.486145], [7.653673, 47.486373], [7.654607, 47.486797], [7.655506, 47.487203], [7.655933, 47.487399], [7.654395, 47.48773], [7.653228, 47.48798], [7.651283, 47.488186], [7.650521, 47.488265], [7.65058, 47.488368], [7.651515, 47.488555], [7.652445, 47.488741], [7.653036, 47.488952], [7.653444, 47.489136], [7.653708, 47.489278], [7.653931, 47.489435], [7.65417, 47.489582], [7.654511, 47.489749], [7.654752, 47.489834], [7.655066, 47.489909], [7.655222, 47.490027], [7.655396, 47.49021], [7.654599, 47.490474], [7.653812, 47.490872], [7.653603, 47.490978], [7.653356, 47.490814], [7.653127, 47.490626], [7.652692, 47.490496], [7.652153, 47.490555], [7.651683, 47.490856], [7.650738, 47.490956], [7.65019, 47.491015], [7.650027, 47.491455], [7.649889, 47.491834], [7.648653, 47.491834], [7.64906, 47.49242], [7.649482, 47.493024], [7.65028, 47.494051], [7.650691, 47.494579], [7.651114, 47.494917], [7.651516, 47.495238], [7.652178, 47.495819], [7.653371, 47.496077], [7.654253, 47.495954], [7.655271, 47.495811], [7.656068, 47.495617], [7.657054, 47.495472], [7.658184, 47.495307], [7.658914, 47.495354], [7.65943, 47.495388], [7.660036, 47.495773], [7.660572, 47.496116], [7.661654, 47.496286], [7.662893, 47.496076], [7.664527, 47.496478], [7.666128, 47.496872], [7.66617, 47.495961], [7.666271, 47.495418], [7.666367, 47.494777], [7.665925, 47.493278], [7.665427, 47.491495], [7.665772, 47.490727], [7.666048, 47.490108], [7.666255, 47.489644], [7.666563, 47.488956], [7.666723, 47.488597], [7.667532, 47.487481], [7.668333, 47.486351], [7.668513, 47.48625], [7.669889, 47.485481], [7.671731, 47.484528], [7.672728, 47.48463], [7.673334, 47.484692], [7.674199, 47.48478], [7.674743, 47.484833], [7.675316, 47.484886], [7.676064, 47.484958], [7.67653, 47.485004], [7.676986, 47.485046], [7.678404, 47.484625], [7.679837, 47.484193], [7.681239, 47.483764], [7.68264, 47.483341], [7.684018, 47.482913], [7.686192, 47.482507], [7.687227, 47.482313], [7.688207, 47.48213], [7.691026, 47.481605], [7.693622, 47.481691], [7.694934, 47.481721], [7.696217, 47.481787], [7.69714, 47.48149], [7.698084, 47.481184], [7.69896, 47.4809], [7.699768, 47.480637], [7.699995, 47.480261], [7.70026, 47.479942], [7.700492, 47.479761], [7.700753, 47.479618], [7.701307, 47.479046], [7.701866, 47.478467], [7.702418, 47.477896], [7.703179, 47.477407], [7.703964, 47.476903], [7.704598, 47.476481], [7.705113, 47.476139], [7.705389, 47.475853], [7.705746, 47.47543], [7.706233, 47.474834], [7.706546, 47.474362], [7.706966, 47.473826], [7.707358, 47.473321], [7.707704, 47.472883], [7.707919, 47.472608], [7.708873, 47.471042], [7.709398, 47.470183], [7.709831, 47.469476], [7.709881, 47.469394], [7.709803, 47.469366], [7.709581, 47.469324], [7.70947, 47.469436], [7.709359, 47.469511], [7.709318, 47.469525], [7.70919, 47.469521], [7.709149, 47.469537], [7.709119, 47.469594], [7.709068, 47.469618], [7.708788, 47.469564], [7.708669, 47.469552], [7.708532, 47.469512], [7.708453, 47.469459], [7.708353, 47.469422], [7.708309, 47.469362], [7.708316, 47.469283], [7.708266, 47.469243], [7.70814, 47.469237], [7.708056, 47.469191], [7.708018, 47.469123], [7.708066, 47.46906], [7.707894, 47.468933], [7.707669, 47.468875], [7.707582, 47.468824], [7.707463, 47.468791], [7.707419, 47.46876], [7.707263, 47.468768], [7.707086, 47.468642], [7.70704, 47.468575], [7.706878, 47.468577], [7.70678, 47.468624], [7.706733, 47.468626], [7.706595, 47.468565], [7.706521, 47.468502], [7.706513, 47.468434], [7.706268, 47.468274], [7.706274, 47.468183], [7.706114, 47.468011], [7.706081, 47.467902], [7.706141, 47.467795], [7.706086, 47.467687], [7.70593, 47.467708], [7.705877, 47.467693], [7.705842, 47.467627], [7.705848, 47.467425], [7.70576, 47.467362], [7.70564, 47.467247], [7.705529, 47.46707], [7.705574, 47.466989], [7.705657, 47.466924], [7.705658, 47.466857], [7.705603, 47.46681], [7.7055, 47.46685], [7.705436, 47.466841], [7.70536, 47.466772], [7.705217, 47.46677], [7.705149, 47.466745], [7.70515, 47.466709], [7.705209, 47.466647], [7.705211, 47.466592], [7.705149, 47.466548], [7.705033, 47.46654], [7.704949, 47.466457], [7.704864, 47.466355], [7.704905, 47.46631], [7.704905, 47.466272], [7.704851, 47.466223], [7.704567, 47.466134], [7.704494, 47.466074], [7.704494, 47.466053], [7.704546, 47.465985], [7.704536, 47.465957], [7.704475, 47.465899], [7.704399, 47.465866], [7.704395, 47.46583], [7.704424, 47.465801], [7.704508, 47.465761], [7.70457, 47.465754], [7.704621, 47.46572], [7.704508, 47.465633], [7.704428, 47.465627], [7.704328, 47.465673], [7.704261, 47.465641], [7.704083, 47.46546], [7.703957, 47.465501], [7.703812, 47.465533], [7.703779, 47.465522], [7.703753, 47.465479], [7.703766, 47.465321], [7.703831, 47.465266], [7.703885, 47.465137], [7.70376, 47.465093], [7.703783, 47.46503], [7.703546, 47.464917], [7.703441, 47.464843], [7.703355, 47.464824], [7.703328, 47.464764], [7.703399, 47.46473], [7.703376, 47.464654], [7.70342, 47.464582], [7.703428, 47.464539], [7.703277, 47.464327], [7.703187, 47.464223], [7.703005, 47.464019], [7.7029, 47.463938], [7.702658, 47.463783], [7.702592, 47.463751], [7.702543, 47.463742], [7.702466, 47.46372], [7.702366, 47.463696], [7.702329, 47.463671], [7.702335, 47.463636], [7.702387, 47.46358], [7.702427, 47.463564], [7.702438, 47.463543], [7.701681, 47.463035], [7.700112, 47.462085], [7.699932, 47.461932], [7.699827, 47.461676], [7.699849, 47.461554], [7.699877, 47.461466], [7.699944, 47.461401], [7.699966, 47.461337], [7.699991, 47.461204], [7.699918, 47.461141], [7.699813, 47.461167], [7.69975, 47.461146], [7.699717, 47.461121], [7.699729, 47.46108], [7.699721, 47.461041], [7.699532, 47.461019], [7.699478, 47.460957], [7.699474, 47.460927], [7.699533, 47.460877], [7.699522, 47.460812], [7.699444, 47.460758], [7.699431, 47.460719], [7.699273, 47.460615], [7.69925, 47.460552], [7.699285, 47.460512], [7.699276, 47.460463], [7.699315, 47.460405], [7.699322, 47.460335], [7.699296, 47.460286], [7.699353, 47.460107], [7.699243, 47.460067], [7.699203, 47.460027], [7.699185, 47.459951], [7.698984, 47.459902], [7.698898, 47.459841], [7.698876, 47.459752], [7.698895, 47.459716], [7.698773, 47.459581], [7.698779, 47.459495], [7.698671, 47.459465], [7.698644, 47.459429], [7.698665, 47.459364], [7.6987, 47.459312], [7.698668, 47.45922], [7.698677, 47.459188], [7.698715, 47.459154], [7.698743, 47.459121], [7.698747, 47.459097], [7.698705, 47.459046], [7.698691, 47.459016], [7.698689, 47.458887], [7.698657, 47.458776], [7.698662, 47.458735], [7.698715, 47.458657], [7.698743, 47.458636], [7.698741, 47.458581], [7.698757, 47.458541], [7.698792, 47.458516], [7.698862, 47.458295], [7.698894, 47.458268], [7.698892, 47.458218], [7.698928, 47.458138], [7.698979, 47.45806], [7.69901, 47.457999], [7.699072, 47.457768], [7.699108, 47.457723], [7.699131, 47.457651], [7.699126, 47.457598], [7.699145, 47.457492], [7.699203, 47.457456], [7.699228, 47.457386], [7.699191, 47.457283], [7.699169, 47.457049], [7.699194, 47.456863], [7.699223, 47.456811], [7.699208, 47.456728], [7.699134, 47.456651], [7.699133, 47.456484], [7.699101, 47.456434], [7.699087, 47.456358], [7.699059, 47.456264], [7.698983, 47.456136], [7.698899, 47.45592], [7.698788, 47.455819], [7.698721, 47.45577], [7.698634, 47.455692], [7.698265, 47.455361], [7.698262, 47.455358], [7.698258, 47.455355], [7.698255, 47.455353], [7.698252, 47.45535], [7.698249, 47.455348], [7.698245, 47.455345], [7.698242, 47.455343], [7.698238, 47.45534], [7.698234, 47.455338], [7.698231, 47.455336], [7.698227, 47.455334], [7.698223, 47.455331], [7.698219, 47.455329], [7.698215, 47.455327], [7.698211, 47.455325], [7.698207, 47.455323], [7.698203, 47.455321], [7.698199, 47.455319], [7.698195, 47.455318], [7.69819, 47.455316], [7.698186, 47.455314], [7.698182, 47.455313], [7.698177, 47.455311], [7.698173, 47.45531], [7.698168, 47.455308], [7.698164, 47.455307], [7.698159, 47.455306], [7.698154, 47.455304], [7.69815, 47.455303], [7.698145, 47.455302], [7.69814, 47.455301], [7.698135, 47.4553], [7.698131, 47.455299], [7.698126, 47.455298], [7.698121, 47.455297], [7.698116, 47.455297], [7.698111, 47.455296], [7.698106, 47.455295], [7.698101, 47.455295], [7.698096, 47.455294], [7.698091, 47.455294], [7.698086, 47.455294], [7.697479, 47.455256], [7.697381, 47.455214], [7.697329, 47.455208], [7.697232, 47.455221], [7.697015, 47.455278], [7.69681, 47.455286], [7.696752, 47.455301], [7.696665, 47.455311], [7.696614, 47.455297], [7.696588, 47.455261], [7.696486, 47.455174], [7.696439, 47.455157], [7.696407, 47.455128], [7.696342, 47.455088], [7.696287, 47.455024], [7.696234, 47.455028], [7.696139, 47.455019], [7.696061, 47.455064], [7.695994, 47.45506], [7.695916, 47.455028], [7.695869, 47.454986], [7.695777, 47.454921], [7.695691, 47.454835], [7.695629, 47.454819], [7.695447, 47.454813], [7.69529, 47.454803], [7.695139, 47.454831], [7.694976, 47.454844], [7.694857, 47.454833], [7.694782, 47.454819], [7.694519, 47.454798], [7.694401, 47.454815], [7.694231, 47.454807], [7.694105, 47.454754], [7.693804, 47.454685], [7.693635, 47.454662], [7.693551, 47.454632], [7.693472, 47.454617], [7.693333, 47.454569], [7.693122, 47.454548], [7.692646, 47.454407], [7.692575, 47.454356], [7.69254, 47.454294], [7.692483, 47.454256], [7.69228, 47.454217], [7.692194, 47.454166], [7.692146, 47.454119], [7.692103, 47.454046], [7.691972, 47.453989], [7.69184, 47.453835], [7.691824, 47.453792], [7.691771, 47.45374], [7.691726, 47.453559], [7.691513, 47.453339], [7.691478, 47.453252], [7.691459, 47.453128], [7.691358, 47.453015], [7.691281, 47.452915], [7.691131, 47.452793], [7.691127, 47.452778], [7.691083, 47.452598], [7.69082, 47.452465], [7.690778, 47.45231], [7.690732, 47.452243], [7.690496, 47.452124], [7.69035, 47.45199], [7.690206, 47.451901], [7.690051, 47.451863], [7.689801, 47.451717], [7.689444, 47.451494], [7.689173, 47.451317], [7.688864, 47.451139], [7.688535, 47.450926], [7.68828, 47.45077], [7.688019, 47.450608], [7.687761, 47.450454], [7.687484, 47.450287], [7.687205, 47.450121], [7.686941, 47.449942], [7.686663, 47.449748], [7.686478, 47.449509], [7.686333, 47.449317], [7.686188, 47.449124], [7.686037, 47.448928], [7.685899, 47.448753], [7.68575, 47.448572], [7.685488, 47.44836], [7.685231, 47.448157], [7.68504, 47.448], [7.68486, 47.447847], [7.685011, 47.447579], [7.684729, 47.446605], [7.684561, 47.446016], [7.684292, 47.445068], [7.683929, 47.443774], [7.683494, 47.442247], [7.683677, 47.440762], [7.683364, 47.440492], [7.683053, 47.439698], [7.682979, 47.438726], [7.685611, 47.436396], [7.686585, 47.433668], [7.686041, 47.432648], [7.685111, 47.431282], [7.684592, 47.430477], [7.684696, 47.428669], [7.684128, 47.427457], [7.68302, 47.425162], [7.682076, 47.422851], [7.680808, 47.419856], [7.679809, 47.417517], [7.673855, 47.415061], [7.671411, 47.413808], [7.669092, 47.412619], [7.668093, 47.412112], [7.667038, 47.411576], [7.664061, 47.410023], [7.663038, 47.409924], [7.661512, 47.409777], [7.657548, 47.409079], [7.651575, 47.4094], [7.64838, 47.409572], [7.645276, 47.409734], [7.643487, 47.409828], [7.639692, 47.410026], [7.632729, 47.410034], [7.633029, 47.409012], [7.633302, 47.408079], [7.633576, 47.407146], [7.633897, 47.406003], [7.634279, 47.404203], [7.634473, 47.40326], [7.634849, 47.401478], [7.635094, 47.400318], [7.635352, 47.397502], [7.635497, 47.395393], [7.635502, 47.395324], [7.636334, 47.390088], [7.636736, 47.387629], [7.637257, 47.386072], [7.636264, 47.38578], [7.63506, 47.385667], [7.633311, 47.385343], [7.632908, 47.384647], [7.633323, 47.382917], [7.634181, 47.382016], [7.635586, 47.380596], [7.636115, 47.380648], [7.636343, 47.380613], [7.636712, 47.380703], [7.637224, 47.380666], [7.637569, 47.380696], [7.63817, 47.380683], [7.638932, 47.380636], [7.639357, 47.380582], [7.639796, 47.380592], [7.640315, 47.380591], [7.64113, 47.380549], [7.64146, 47.380524], [7.641626, 47.380502], [7.641767, 47.380472], [7.641648, 47.379365], [7.641318, 47.378797], [7.641046, 47.378289], [7.641387, 47.378194], [7.641569, 47.377979], [7.641936, 47.377785], [7.642122, 47.377369], [7.642035, 47.377069], [7.642057, 47.376762], [7.64223, 47.376577], [7.64243, 47.376376], [7.642674, 47.376166], [7.643073, 47.375619], [7.643185, 47.375472], [7.643008, 47.375314], [7.643129, 47.375096], [7.643058, 47.374797], [7.643031, 47.374441], [7.642961, 47.374209], [7.642969, 47.374064], [7.642903, 47.373763], [7.642875, 47.373408], [7.642875, 47.373316], [7.643044, 47.372968], [7.643093, 47.372762], [7.643182, 47.372431], [7.643316, 47.371939], [7.643339, 47.371553], [7.643359, 47.371424], [7.643517, 47.370336], [7.6437, 47.3696], [7.643855, 47.368862], [7.644004, 47.368167], [7.644046, 47.367955], [7.644169, 47.367374], [7.644204, 47.367212], [7.644542, 47.367246], [7.645036, 47.367296], [7.645525, 47.367349], [7.64639, 47.367436], [7.646596, 47.367458], [7.647285, 47.367525], [7.648139, 47.367561], [7.648798, 47.36759], [7.649567, 47.367641], [7.650261, 47.367685], [7.650718, 47.367721], [7.651144, 47.367755], [7.652338, 47.367854], [7.653322, 47.367918], [7.654493, 47.367997], [7.655699, 47.368081], [7.657233, 47.36822], [7.658611, 47.368349], [7.660165, 47.368489], [7.661558, 47.368615], [7.662909, 47.368736], [7.66448, 47.368877], [7.665443, 47.368967], [7.66624, 47.369042], [7.666921, 47.369113], [7.668278, 47.369261], [7.669296, 47.369351], [7.67059, 47.369483], [7.671873, 47.369616], [7.673087, 47.36974], [7.674371, 47.369872], [7.675874, 47.370079], [7.677303, 47.370275], [7.678945, 47.370501], [7.680143, 47.370592], [7.680622, 47.370608], [7.680994, 47.370621], [7.681739, 47.3707], [7.682526, 47.370784], [7.683479, 47.37086], [7.684318, 47.370928], [7.685299, 47.371004], [7.686023, 47.371059], [7.686919, 47.371129], [7.687551, 47.371182], [7.688132, 47.371233], [7.68864, 47.371276], [7.690512, 47.371441], [7.692009, 47.371572], [7.694255, 47.371772], [7.696453, 47.371962], [7.69892, 47.372183], [7.699838, 47.37226], [7.700364, 47.372304], [7.701165, 47.372389], [7.701957, 47.37245], [7.702927, 47.372346], [7.704019, 47.372142], [7.704738, 47.372054], [7.705286, 47.371951], [7.706104, 47.371887], [7.706639, 47.371768], [7.707558, 47.371721], [7.708041, 47.371639], [7.708554, 47.371598], [7.709033, 47.37151], [7.709608, 47.371375], [7.710353, 47.37131], [7.711211, 47.371206], [7.711994, 47.370975], [7.712586, 47.370911], [7.713054, 47.370929], [7.71398, 47.370904], [7.714949, 47.37076], [7.716303, 47.370564], [7.716502, 47.370467], [7.716952, 47.370402], [7.717457, 47.370354], [7.717966, 47.370256], [7.718386, 47.370171], [7.719602, 47.369989], [7.721509, 47.369704], [7.723037, 47.369476], [7.725481, 47.369109], [7.726822, 47.368908], [7.727042, 47.368919], [7.727919, 47.368861], [7.728032, 47.368635], [7.728307, 47.3681], [7.728548, 47.367665], [7.728874, 47.367002], [7.729011, 47.366828], [7.729281, 47.366352], [7.729672, 47.365663], [7.730045, 47.365005], [7.730337, 47.364488], [7.730522, 47.36415], [7.730758, 47.363732], [7.731119, 47.363111], [7.73244, 47.360789], [7.733921, 47.358184], [7.73416, 47.357763], [7.734335, 47.357598], [7.73472, 47.357239], [7.735016, 47.356962], [7.735397, 47.356604], [7.735796, 47.356231], [7.736396, 47.355667], [7.73709, 47.355015], [7.737686, 47.354456], [7.738536, 47.353651], [7.738891, 47.353321], [7.739379, 47.35286], [7.739513, 47.352734], [7.739779, 47.352484], [7.740186, 47.3521], [7.740454, 47.351858], [7.740747, 47.351593], [7.741101, 47.351271], [7.742826, 47.34971], [7.744086, 47.348928], [7.745454, 47.348078], [7.746525, 47.347422], [7.747687, 47.346691], [7.748517, 47.346166], [7.749418, 47.345618], [7.749837, 47.345362], [7.75027, 47.345099], [7.750614, 47.344891], [7.751232, 47.34451], [7.751525, 47.34433], [7.752613, 47.343861], [7.754199, 47.343174], [7.755762, 47.343091], [7.757194, 47.343012], [7.758859, 47.342922], [7.760467, 47.342834], [7.762588, 47.342718], [7.764046, 47.342639], [7.764832, 47.342672], [7.766426, 47.342737], [7.766672, 47.342622], [7.766921, 47.342506], [7.767339, 47.342316], [7.768393, 47.341835], [7.769231, 47.341452], [7.76897, 47.338916], [7.769264, 47.338894], [7.769638, 47.338874], [7.769996, 47.338827], [7.770121, 47.338791], [7.770205, 47.338773], [7.770332, 47.338768], [7.770587, 47.338806], [7.770687, 47.338862], [7.770845, 47.338908], [7.770904, 47.338943], [7.771569, 47.339007], [7.771814, 47.339061], [7.772339, 47.339249], [7.772649, 47.339337], [7.772895, 47.339395], [7.773126, 47.339427], [7.773989, 47.339486], [7.774871, 47.339504], [7.775434, 47.339499], [7.775604, 47.339484], [7.775741, 47.339483], [7.775961, 47.339458], [7.776206, 47.339458], [7.776273, 47.339431], [7.776379, 47.339435], [7.776598, 47.339323], [7.776928, 47.339294], [7.777609, 47.339199], [7.777838, 47.339234], [7.777997, 47.339232], [7.778091, 47.339251], [7.778356, 47.339255], [7.778454, 47.339293], [7.778657, 47.339311], [7.779093, 47.339286], [7.779705, 47.3392], [7.779845, 47.339228], [7.77999, 47.339288], [7.780296, 47.339319], [7.780333, 47.339372], [7.780573, 47.339412], [7.781519, 47.339507], [7.781893, 47.339532], [7.78222, 47.33957], [7.782316, 47.339566], [7.782385, 47.339572], [7.78272, 47.339444], [7.7829, 47.339346], [7.782981, 47.339317], [7.783031, 47.339311], [7.78308, 47.339299], [7.783302, 47.33929], [7.783707, 47.339301], [7.783931, 47.339242], [7.784045, 47.339196], [7.784151, 47.339166], [7.784309, 47.339139], [7.784823, 47.339093], [7.785244, 47.338931], [7.785294, 47.337884], [7.78773, 47.338225], [7.788516, 47.338342], [7.788966, 47.338406], [7.789519, 47.338487], [7.790862, 47.338679], [7.79216, 47.338859], [7.793567, 47.339054], [7.79349, 47.339531], [7.793508, 47.339594], [7.793739, 47.340411], [7.794198, 47.341999], [7.794461, 47.342931], [7.794584, 47.343401], [7.794879, 47.344542], [7.795102, 47.345397], [7.795378, 47.346457], [7.795222, 47.347916], [7.795013, 47.349771], [7.795545, 47.351303], [7.795694, 47.351693], [7.796373, 47.353472], [7.797181, 47.354921], [7.797668, 47.355793], [7.798479, 47.356767], [7.799974, 47.358526], [7.800524, 47.359159], [7.801921, 47.360805], [7.802173, 47.361098], [7.803811, 47.361754], [7.80539, 47.362388], [7.80626, 47.362325], [7.806669, 47.362323], [7.807172, 47.36233], [7.807619, 47.362316], [7.808127, 47.362357], [7.808548, 47.362361], [7.808841, 47.362377], [7.809243, 47.362389], [7.809669, 47.362545], [7.810109, 47.362709], [7.810524, 47.362891], [7.811058, 47.36285], [7.81133, 47.362805], [7.811861, 47.362823], [7.812306, 47.362699], [7.813046, 47.362804], [7.813505, 47.362786], [7.813897, 47.362786], [7.81418, 47.362825], [7.81456, 47.362846], [7.814671, 47.362847], [7.814964, 47.362841], [7.815184, 47.362793], [7.81549, 47.362718], [7.816043, 47.362736], [7.816374, 47.362768], [7.81652, 47.362831], [7.816761, 47.362893], [7.817036, 47.362923], [7.817201, 47.36292], [7.817459, 47.362883], [7.818077, 47.362879], [7.818623, 47.362913], [7.819222, 47.36295], [7.819613, 47.362989], [7.820092, 47.36311], [7.820346, 47.363135], [7.820601, 47.363191], [7.821138, 47.363171], [7.821435, 47.363199], [7.821825, 47.363205], [7.822085, 47.363213], [7.822069, 47.363385], [7.822361, 47.363509], [7.822717, 47.363681], [7.823081, 47.363815], [7.823459, 47.363909], [7.823704, 47.363967], [7.824149, 47.363976], [7.824597, 47.364027], [7.825108, 47.36405], [7.825586, 47.364068], [7.82608, 47.364169], [7.826477, 47.364256], [7.827003, 47.364328], [7.827492, 47.364555], [7.827683, 47.364581], [7.828247, 47.364666], [7.828574, 47.364734], [7.829042, 47.364792], [7.829495, 47.36495], [7.829771, 47.364967], [7.83003, 47.365087], [7.830166, 47.365197], [7.830554, 47.365123], [7.831079, 47.36541], [7.831371, 47.36565], [7.831732, 47.365752], [7.831895, 47.365876], [7.83196, 47.366], [7.832347, 47.366206], [7.832609, 47.366397], [7.832849, 47.366764], [7.833026, 47.366969], [7.833356, 47.367253], [7.833632, 47.367485], [7.834938, 47.369908], [7.836153, 47.371017], [7.836507, 47.371338], [7.836573, 47.371665], [7.836537, 47.371736], [7.836514, 47.371833], [7.836595, 47.371905], [7.836625, 47.372017], [7.836803, 47.372307], [7.836878, 47.372459], [7.836895, 47.372611], [7.836926, 47.372714], [7.837048, 47.372764], [7.837129, 47.372767], [7.837344, 47.372911], [7.837455, 47.373031], [7.837591, 47.373141], [7.837708, 47.373179], [7.837885, 47.373268], [7.838479, 47.373515], [7.838994, 47.37381], [7.839484, 47.37415], [7.839747, 47.374388], [7.840126, 47.374765], [7.840778, 47.37499], [7.841853, 47.375412], [7.842208, 47.375503], [7.842637, 47.375713], [7.843072, 47.375862], [7.843527, 47.37596], [7.843826, 47.376028], [7.844119, 47.37608], [7.844393, 47.376148], [7.844721, 47.376142], [7.844876, 47.376152], [7.845102, 47.376236], [7.84534, 47.376299], [7.845809, 47.37638], [7.845971, 47.376422], [7.846235, 47.376456], [7.846512, 47.376539], [7.846773, 47.376586], [7.847023, 47.376655], [7.847357, 47.376727], [7.847786, 47.376858], [7.848403, 47.377069], [7.848588, 47.377214], [7.848976, 47.377338], [7.849296, 47.377664], [7.849449, 47.377833], [7.849977, 47.378354], [7.851406, 47.378582], [7.853368, 47.378896], [7.854973, 47.379153], [7.857274, 47.379521], [7.858728, 47.379751], [7.859147, 47.379908], [7.859996, 47.380231], [7.859848, 47.381137], [7.860563, 47.381365], [7.861305, 47.381601], [7.862056, 47.38184], [7.862657, 47.381987], [7.863065, 47.381985], [7.863476, 47.381916], [7.863856, 47.38186], [7.864247, 47.381803], [7.864903, 47.38175], [7.865475, 47.381704], [7.866223, 47.381669], [7.866464, 47.381651], [7.86691, 47.381618], [7.867571, 47.38154], [7.868297, 47.381347], [7.868572, 47.381276], [7.868728, 47.381335], [7.869177, 47.381504], [7.869764, 47.381859], [7.870399, 47.38224], [7.870748, 47.382364], [7.871579, 47.382681], [7.872604, 47.383177], [7.874008, 47.383756], [7.875087, 47.384105], [7.876108, 47.384476], [7.878819, 47.383512], [7.879633, 47.384489], [7.879456, 47.384594], [7.879338, 47.384721], [7.879154, 47.38496], [7.879191, 47.385098], [7.87915, 47.385121], [7.879137, 47.385183], [7.879159, 47.385209], [7.879159, 47.385275], [7.879139, 47.385322], [7.879219, 47.385417], [7.879161, 47.385452], [7.8792, 47.385538], [7.879172, 47.385553], [7.878993, 47.385763], [7.878898, 47.385833], [7.878902, 47.385895], [7.878866, 47.385951], [7.878867, 47.385997], [7.87894, 47.386058], [7.878983, 47.386104], [7.879004, 47.386137], [7.879074, 47.38617], [7.879151, 47.386277], [7.879257, 47.386341], [7.879311, 47.386334], [7.879349, 47.386392], [7.879355, 47.386468], [7.879413, 47.386559], [7.879444, 47.386616], [7.879501, 47.386743], [7.879468, 47.386864], [7.879564, 47.386976], [7.8796, 47.387071], [7.87964, 47.38711], [7.879661, 47.387162], [7.879674, 47.387238], [7.879706, 47.387294], [7.879745, 47.387356], [7.879707, 47.387411], [7.879687, 47.387508], [7.879657, 47.387523], [7.879655, 47.38755], [7.879608, 47.387551], [7.879556, 47.387605], [7.879569, 47.38764], [7.879515, 47.387704], [7.879471, 47.387797], [7.879464, 47.387856], [7.879442, 47.387926], [7.879407, 47.387966], [7.879442, 47.387995], [7.879363, 47.388082], [7.879299, 47.388132], [7.879249, 47.388139], [7.879185, 47.388172], [7.879125, 47.388229], [7.879071, 47.388222], [7.87904, 47.38825], [7.879005, 47.388273], [7.878882, 47.388291], [7.878844, 47.388329], [7.87878, 47.388352], [7.87861, 47.388399], [7.878494, 47.388465], [7.878446, 47.388446], [7.878351, 47.38846], [7.87828, 47.388515], [7.878255, 47.388593], [7.878255, 47.388701], [7.878292, 47.388788], [7.87825, 47.388827], [7.878236, 47.388873], [7.878141, 47.388893], [7.878006, 47.388888], [7.877938, 47.388869], [7.877844, 47.388911], [7.877608, 47.388937], [7.877499, 47.388961], [7.877348, 47.389051], [7.877203, 47.38936], [7.877168, 47.389395], [7.87718, 47.389447], [7.877131, 47.389508], [7.877199, 47.389575], [7.87718, 47.38963], [7.877146, 47.389678], [7.877108, 47.389692], [7.877086, 47.389739], [7.877106, 47.389759], [7.87711, 47.389849], [7.877135, 47.389906], [7.877086, 47.389939], [7.877076, 47.390028], [7.876918, 47.390147], [7.876815, 47.390269], [7.876719, 47.390297], [7.876672, 47.390335], [7.876632, 47.390346], [7.876312, 47.390384], [7.876108, 47.39038], [7.87584, 47.390337], [7.87571, 47.390289], [7.875456, 47.390271], [7.875102, 47.390198], [7.874894, 47.390163], [7.874769, 47.390185], [7.874587, 47.390169], [7.874463, 47.390132], [7.874053, 47.39008], [7.87395, 47.390039], [7.873903, 47.390032], [7.873772, 47.390106], [7.873678, 47.390126], [7.873607, 47.3901], [7.873555, 47.390103], [7.873336, 47.390336], [7.873027, 47.390612], [7.872976, 47.390676], [7.872911, 47.39071], [7.872718, 47.390847], [7.872624, 47.390861], [7.872626, 47.390903], [7.8725, 47.390981], [7.872384, 47.391071], [7.87239, 47.391119], [7.872324, 47.391158], [7.872212, 47.391198], [7.872105, 47.391197], [7.871952, 47.391248], [7.871837, 47.391425], [7.871509, 47.391927], [7.871328, 47.392211], [7.870836, 47.392972], [7.870274, 47.393815], [7.870086, 47.394098], [7.869783, 47.394554], [7.86957, 47.394874], [7.86939, 47.395145], [7.869143, 47.395516], [7.869914, 47.395861], [7.87201, 47.3968], [7.875284, 47.397597], [7.876361, 47.399226], [7.876675, 47.399701], [7.876905, 47.400045], [7.877258, 47.400576], [7.877485, 47.400918], [7.87771, 47.401259], [7.87981, 47.401721], [7.880284, 47.401469], [7.880919, 47.401133], [7.881511, 47.400865], [7.881817, 47.400725], [7.88242, 47.400902], [7.882962, 47.401062], [7.88345, 47.401207], [7.883403, 47.401528], [7.883357, 47.401839], [7.883245, 47.402231], [7.883483, 47.402501], [7.88379, 47.402849], [7.884291, 47.403189], [7.883971, 47.403362], [7.883586, 47.40357], [7.883461, 47.403828], [7.883701, 47.404213], [7.883877, 47.404496], [7.884113, 47.404873], [7.883818, 47.405132], [7.883588, 47.405333], [7.883307, 47.405579], [7.883323, 47.405792], [7.883339, 47.406099], [7.883936, 47.406168], [7.88453, 47.406237], [7.885219, 47.406316], [7.88576, 47.406497], [7.886249, 47.406659], [7.886876, 47.406868], [7.887544, 47.40709], [7.887821, 47.407142], [7.888183, 47.407201], [7.888574, 47.407269], [7.888996, 47.407238], [7.889789, 47.407176], [7.890228, 47.407143], [7.890476, 47.406977], [7.890789, 47.406772], [7.891672, 47.406194], [7.892154, 47.405878], [7.892813, 47.405444], [7.893389, 47.405064], [7.894217, 47.404521], [7.894317, 47.404454], [7.89474, 47.404193], [7.895143, 47.403944], [7.895493, 47.403729], [7.895793, 47.403557], [7.896392, 47.403212], [7.897476, 47.402591], [7.897516, 47.402564], [7.897632, 47.402489], [7.897706, 47.402442], [7.898893, 47.401677], [7.899124, 47.401577], [7.899377, 47.401515], [7.899571, 47.401451], [7.899756, 47.401367], [7.899985, 47.40122], [7.900038, 47.401187], [7.900112, 47.40118], [7.900208, 47.401146], [7.900325, 47.401103], [7.900497, 47.401033], [7.900535, 47.400993], [7.900628, 47.400925], [7.900714, 47.400854], [7.900837, 47.400746], [7.900889, 47.400801], [7.901341, 47.401345], [7.901915, 47.40204], [7.903183, 47.402321], [7.903843, 47.402467], [7.90415, 47.402133], [7.904308, 47.401958], [7.904794, 47.401423], [7.905327, 47.400834], [7.905605, 47.400617], [7.906593, 47.399846], [7.90708, 47.399605], [7.907393, 47.399451], [7.908167, 47.399071], [7.908625, 47.398843], [7.909014, 47.398733], [7.909389, 47.398625], [7.909707, 47.398533], [7.909745, 47.398523], [7.910187, 47.398857], [7.910615, 47.399113], [7.910976, 47.399402], [7.91129, 47.399568], [7.91163, 47.399706], [7.91201, 47.399769], [7.912169, 47.399879], [7.912618, 47.400067], [7.913107, 47.400246], [7.913402, 47.400318], [7.913752, 47.400346], [7.914228, 47.400447], [7.914873, 47.400599], [7.915564, 47.400781], [7.916094, 47.400953], [7.916717, 47.401133], [7.917164, 47.401232], [7.918029, 47.401426], [7.918947, 47.40168], [7.919907, 47.401935], [7.921066, 47.402369], [7.922129, 47.40228], [7.922434, 47.40224], [7.923053, 47.402201], [7.923286, 47.402167], [7.923709, 47.402109], [7.924217, 47.402034], [7.924375, 47.402226], [7.924538, 47.402376], [7.924681, 47.40249], [7.924911, 47.402649], [7.925127, 47.402811], [7.925275, 47.4029], [7.925439, 47.402981], [7.925707, 47.403049], [7.926, 47.403123], [7.926266, 47.403295], [7.926649, 47.403385], [7.926939, 47.403424], [7.927205, 47.403498], [7.927333, 47.403553], [7.927524, 47.403535], [7.927784, 47.403611], [7.928065, 47.403758], [7.928238, 47.403844], [7.928522, 47.403984], [7.928871, 47.40415], [7.929184, 47.404283], [7.929554, 47.404428], [7.929899, 47.404566], [7.930134, 47.404603], [7.930292, 47.404604], [7.930443, 47.404674], [7.930639, 47.404763], [7.930862, 47.404865], [7.931269, 47.404908], [7.931673, 47.404998], [7.931964, 47.405062], [7.932305, 47.405164], [7.932669, 47.405277], [7.932874, 47.405417], [7.933084, 47.405624], [7.933439, 47.405762], [7.933692, 47.405859], [7.933888, 47.406], [7.934117, 47.406178], [7.934373, 47.406383], [7.934525, 47.406505], [7.934644, 47.4066], [7.934934, 47.406807], [7.935214, 47.407002], [7.935495, 47.407199], [7.935743, 47.407372], [7.936107, 47.407625], [7.9363, 47.407761], [7.93673, 47.408059], [7.936525, 47.408648], [7.935794, 47.410618], [7.935528, 47.410985], [7.935288, 47.411295], [7.935086, 47.411563], [7.934935, 47.411769], [7.935472, 47.411909], [7.935904, 47.412145], [7.936316, 47.412443], [7.936575, 47.412675], [7.936963, 47.41291], [7.937688, 47.413109], [7.938235, 47.413254], [7.938601, 47.413414], [7.938883, 47.413645], [7.939468, 47.413667], [7.940005, 47.41382], [7.940633, 47.4141], [7.941384, 47.414189], [7.941906, 47.41425], [7.942467, 47.414378], [7.942979, 47.414475], [7.943668, 47.414498], [7.94442, 47.414516], [7.945021, 47.414528], [7.945235, 47.414882], [7.945256, 47.41492], [7.945629, 47.415597], [7.946425, 47.415534], [7.947217, 47.415829], [7.948397, 47.416268], [7.949316, 47.416309], [7.949945, 47.416377], [7.950305, 47.416413], [7.950656, 47.416374], [7.951, 47.416424], [7.951361, 47.416361], [7.951739, 47.416303], [7.952183, 47.416165], [7.95243, 47.416112], [7.95271, 47.416104], [7.953164, 47.416098], [7.953279, 47.416069], [7.953466, 47.416039], [7.953674, 47.41601], [7.95389, 47.416], [7.953905, 47.416019], [7.95408, 47.415969], [7.954237, 47.415898], [7.95439, 47.415837], [7.954609, 47.415774], [7.954832, 47.415691], [7.954933, 47.415606], [7.955046, 47.415608], [7.955982, 47.416631], [7.956008, 47.416671], [7.955891, 47.416706], [7.955603, 47.41679], [7.955122, 47.41682], [7.955033, 47.417035], [7.954389, 47.417246], [7.954267, 47.417295], [7.954727, 47.417585], [7.955545, 47.418094], [7.956182, 47.418492], [7.956742, 47.418836], [7.956317, 47.419408], [7.956579, 47.419682], [7.956818, 47.419846], [7.9572, 47.420014], [7.957963, 47.420356], [7.958426, 47.42055], [7.959511, 47.42085], [7.960006, 47.421021], [7.960521, 47.421205], [7.960934, 47.421404], [7.961234, 47.421573], [7.96184, 47.421836], [7.961687, 47.422002], [7.960688, 47.423098], [7.956652, 47.425914], [7.955709, 47.426572], [7.954613, 47.427569], [7.954138, 47.428002], [7.952792, 47.429229], [7.951693, 47.430219], [7.950799, 47.431023], [7.95004, 47.431718], [7.950602, 47.432155], [7.95113, 47.432556], [7.951948, 47.432786], [7.951579, 47.433478], [7.949879, 47.436669], [7.949086, 47.438157], [7.948073, 47.440018], [7.946793, 47.443195], [7.947141, 47.444237], [7.947532, 47.445558], [7.9478, 47.445635], [7.948447, 47.445783], [7.948927, 47.445829], [7.949495, 47.445827], [7.950089, 47.445744], [7.95026, 47.44621], [7.950314, 47.446479], [7.95052, 47.446903], [7.950697, 47.447032], [7.951211, 47.447375], [7.951368, 47.447474], [7.95154, 47.447561], [7.952172, 47.447885], [7.952356, 47.448269], [7.952614, 47.448518], [7.952883, 47.448772], [7.953167, 47.44892], [7.953599, 47.449146], [7.953996, 47.4491], [7.954282, 47.449063], [7.954331, 47.449164], [7.95461, 47.449246], [7.954798, 47.449594], [7.95518, 47.449948], [7.955445, 47.450197], [7.955578, 47.450486], [7.955675, 47.450711], [7.956013, 47.450913], [7.956391, 47.451102], [7.956517, 47.451199], [7.956653, 47.451255], [7.956786, 47.45129], [7.956969, 47.45134], [7.957396, 47.451312], [7.957858, 47.451282], [7.95785, 47.451452], [7.957846, 47.45161], [7.957523, 47.451817], [7.957269, 47.451925], [7.956948, 47.452042], [7.957134, 47.452224], [7.95737, 47.452458], [7.957663, 47.452558], [7.957954, 47.452601], [7.958147, 47.452598], [7.958375, 47.452718], [7.95852, 47.452875], [7.958539, 47.453041], [7.958441, 47.453338], [7.958326, 47.453508], [7.95837, 47.45368], [7.958233, 47.453902], [7.958105, 47.454143], [7.957929, 47.454423], [7.957709, 47.454549], [7.95726, 47.454749], [7.956943, 47.45485], [7.956682, 47.4549], [7.956363, 47.454847], [7.956241, 47.45493], [7.95649, 47.455116], [7.956844, 47.455214], [7.956919, 47.455221], [7.957062, 47.455221], [7.957144, 47.455246], [7.957459, 47.455218], [7.957506, 47.455189], [7.957708, 47.455229], [7.957932, 47.455238], [7.958209, 47.455295], [7.958327, 47.455328], [7.95839, 47.455328], [7.958474, 47.455292], [7.958533, 47.455267], [7.958629, 47.455253], [7.958788, 47.455201], [7.959029, 47.455082], [7.959195, 47.454929], [7.959366, 47.454795], [7.959578, 47.454793], [7.959594, 47.454794], [7.959546, 47.455046], [7.959665, 47.455056], [7.959718, 47.45504], [7.959779, 47.455042], [7.959893, 47.455088], [7.960098, 47.455202], [7.96027, 47.455285], [7.96062, 47.455415], [7.960727, 47.455468], [7.960806, 47.455529], [7.960841, 47.455596], [7.960828, 47.455676], [7.960764, 47.455803], [7.960686, 47.455918], [7.96053, 47.456062], [7.960568, 47.456081], [7.960602, 47.456099], [7.9606, 47.456125], [7.960587, 47.456191], [7.960586, 47.456272], [7.960603, 47.456383], [7.960555, 47.456491], [7.960558, 47.456592], [7.960574, 47.456684], [7.960543, 47.45676], [7.960577, 47.456852], [7.96058, 47.456919], [7.960529, 47.457051], [7.960463, 47.457169], [7.960447, 47.457313], [7.960471, 47.457389], [7.96048, 47.457521], [7.960532, 47.457658], [7.960643, 47.457779], [7.960657, 47.45779], [7.960733, 47.457859], [7.960816, 47.457907], [7.961026, 47.458042], [7.961057, 47.458064], [7.961119, 47.45812], [7.96116, 47.458178], [7.961175, 47.458247], [7.961244, 47.458326], [7.961303, 47.458373], [7.961401, 47.458417], [7.961466, 47.45849], [7.961548, 47.458523], [7.961589, 47.458629], [7.962004, 47.458876], [7.962297, 47.459078], [7.962367, 47.459183], [7.962419, 47.459209], [7.962449, 47.459223], [7.962566, 47.459316], [7.96268, 47.459468], [7.962794, 47.459555], [7.962916, 47.45964], [7.96308, 47.459708], [7.963331, 47.459787], [7.963398, 47.459791], [7.963578, 47.459775], [7.963673, 47.459776], [7.9638, 47.45972], [7.964198, 47.459551], [7.964294, 47.459572], [7.964298, 47.459623], [7.964423, 47.459719], [7.964536, 47.459762], [7.965055, 47.460088], [7.965296, 47.460175], [7.965504, 47.460275], [7.965601, 47.460324], [7.965636, 47.460405], [7.965822, 47.460556], [7.965871, 47.460717], [7.965949, 47.460782], [7.96598, 47.460877], [7.966041, 47.460903], [7.966226, 47.46092], [7.96625, 47.46111], [7.966216, 47.461262], [7.966234, 47.461318], [7.966336, 47.461369], [7.966581, 47.461613], [7.966579, 47.461778], [7.966822, 47.461915], [7.966765, 47.462023], [7.966765, 47.4621], [7.966887, 47.462128], [7.966949, 47.462178], [7.967038, 47.462246], [7.967164, 47.46232], [7.967634, 47.462449], [7.967858, 47.462465], [7.967889, 47.462476], [7.967921, 47.462488], [7.968007, 47.462583], [7.968182, 47.462761], [7.968293, 47.46281], [7.968553, 47.462807], [7.968549, 47.462791], [7.968545, 47.462736], [7.968529, 47.462571], [7.968553, 47.462422], [7.968628, 47.462286], [7.968742, 47.462183], [7.96907, 47.462028], [7.969479, 47.461817], [7.969894, 47.461596], [7.969941, 47.461552], [7.970298, 47.461356], [7.970387, 47.461353], [7.97051, 47.461304], [7.970854, 47.461104], [7.971141, 47.460919], [7.971254, 47.460847], [7.97162, 47.460616], [7.972485, 47.4602], [7.972562, 47.460164], [7.973216, 47.459855], [7.97397, 47.459652], [7.974294, 47.45955], [7.974833, 47.458934], [7.974904, 47.45879], [7.974996, 47.458677], [7.974995, 47.458611], [7.975058, 47.458563], [7.975063, 47.458551], [7.975088, 47.458485], [7.975118, 47.45841], [7.975169, 47.4583], [7.975193, 47.458247], [7.97528, 47.458059], [7.975291, 47.458035], [7.975301, 47.45801], [7.975307, 47.457998], [7.97537, 47.457865], [7.9754, 47.457801], [7.975543, 47.457498], [7.975603, 47.457372], [7.975871, 47.456852], [7.975923, 47.456729], [7.975966, 47.456626], [7.975984, 47.456556], [7.976021, 47.456411], [7.97606, 47.456261], [7.976066, 47.456237], [7.976133, 47.455971], [7.976156, 47.455878], [7.976242, 47.45552], [7.976367, 47.455081], [7.976457, 47.454755], [7.976535, 47.454471], [7.976544, 47.454439], [7.976581, 47.454312], [7.976612, 47.454205], [7.976589, 47.454044], [7.97656, 47.453838], [7.976382, 47.45371], [7.976194, 47.453574], [7.975437, 47.453029], [7.975296, 47.452812], [7.975177, 47.452568], [7.975158, 47.452522], [7.975061, 47.452284], [7.974887, 47.452004], [7.97509, 47.45189], [7.976413, 47.451217], [7.976885, 47.450925], [7.97727, 47.450706], [7.977725, 47.450474], [7.978058, 47.450195], [7.978779, 47.449764], [7.979903, 47.449246], [7.980093, 47.449159], [7.980615, 47.448912], [7.980696, 47.448805], [7.98081, 47.448655], [7.981006, 47.448482], [7.980929, 47.448291], [7.981078, 47.447898], [7.981284, 47.447377], [7.981627, 47.446873], [7.981959, 47.446295], [7.981973, 47.446272], [7.981993, 47.446238], [7.982031, 47.446158], [7.982127, 47.445954], [7.982156, 47.445669], [7.982312, 47.445331], [7.982448, 47.444945], [7.982553, 47.444719], [7.982572, 47.444561], [7.982777, 47.444483], [7.982964, 47.444294], [7.983363, 47.443902], [7.983601, 47.443592], [7.983779, 47.443222], [7.983893, 47.442724], [7.984038, 47.442123], [7.984117, 47.44181], [7.984131, 47.441206], [7.984131, 47.440893], [7.984163, 47.440486], [7.984171, 47.440386], [7.984176, 47.440322], [7.984165, 47.440239], [7.984155, 47.440168], [7.984101, 47.439781], [7.983839, 47.439125], [7.983818, 47.438724], [7.983639, 47.438203], [7.98363, 47.437836], [7.983687, 47.437447], [7.98388, 47.436905], [7.984094, 47.43659], [7.984243, 47.436202], [7.984566, 47.435429], [7.984578, 47.435392], [7.984617, 47.435295], [7.984692, 47.43503], [7.984819, 47.434801], [7.98484, 47.434748], [7.984853, 47.434723], [7.985052, 47.434248], [7.985167, 47.434171], [7.985198, 47.434155], [7.985863, 47.433411], [7.986097, 47.433149], [7.986185, 47.433196], [7.986367, 47.433243], [7.986392, 47.43321], [7.986473, 47.433198], [7.986497, 47.433164], [7.986443, 47.433087], [7.986367, 47.432986], [7.986322, 47.432873], [7.986259, 47.432747], [7.986154, 47.432646], [7.985872, 47.432417], [7.985726, 47.432323], [7.985547, 47.432226], [7.985465, 47.432193], [7.985373, 47.432192], [7.985359, 47.432156], [7.985397, 47.432101], [7.985319, 47.431959], [7.985333, 47.431861], [7.985424, 47.431769], [7.9858, 47.431496], [7.986039, 47.431355], [7.98614, 47.431289], [7.98619, 47.431225], [7.986191, 47.431213], [7.986187, 47.431143], [7.986142, 47.430955], [7.986148, 47.430802], [7.986191, 47.430638], [7.986262, 47.430551], [7.986374, 47.43049], [7.986493, 47.430461], [7.986607, 47.430423], [7.98665, 47.430407], [7.986756, 47.430318], [7.986938, 47.430041], [7.987087, 47.429876], [7.987059, 47.429821], [7.986835, 47.429554], [7.986701, 47.429387], [7.986642, 47.429314], [7.986736, 47.429297], [7.986942, 47.429286], [7.986946, 47.42925], [7.986868, 47.428995], [7.986836, 47.428895], [7.98728, 47.428745], [7.987252, 47.428657], [7.987239, 47.428614], [7.987218, 47.42855], [7.987204, 47.428504], [7.987183, 47.428448], [7.987172, 47.428408], [7.987166, 47.428388], [7.987132, 47.428264], [7.986974, 47.427746], [7.986859, 47.427343], [7.986793, 47.427117], [7.986694, 47.42677], [7.986659, 47.426654], [7.986535, 47.426225], [7.986385, 47.425754], [7.986165, 47.424962], [7.985944, 47.424197], [7.9857, 47.423527], [7.985475, 47.422766], [7.984738, 47.422842], [7.984246, 47.422894], [7.984201, 47.423453], [7.984157, 47.423992], [7.984134, 47.424353], [7.984116, 47.42453], [7.984093, 47.424747], [7.984083, 47.425069], [7.984051, 47.42561], [7.98401, 47.426158], [7.98397, 47.426693], [7.983928, 47.427261], [7.983888, 47.427773], [7.983852, 47.428313], [7.983211, 47.428325], [7.982713, 47.428334], [7.98215, 47.428168], [7.981604, 47.428005], [7.980875, 47.427784], [7.980151, 47.427555], [7.979485, 47.42726], [7.978817, 47.426965], [7.978148, 47.426674], [7.977358, 47.426338], [7.976789, 47.426217], [7.975904, 47.426032], [7.975009, 47.425835], [7.974079, 47.425672], [7.973222, 47.425423], [7.972483, 47.425199], [7.971506, 47.424896], [7.970845, 47.424703], [7.970219, 47.424454], [7.969507, 47.424205], [7.968716, 47.423933], [7.968433, 47.423801], [7.967526, 47.423494], [7.966843, 47.423338], [7.966005, 47.423141], [7.965503, 47.42302], [7.964509, 47.422792], [7.964383, 47.42275], [7.964205, 47.42269], [7.96402, 47.422629], [7.963869, 47.422579], [7.963786, 47.422551], [7.963507, 47.422457], [7.963302, 47.422388], [7.963208, 47.422356], [7.963898, 47.42211], [7.964413, 47.421926], [7.964923, 47.421743], [7.965253, 47.421624], [7.965754, 47.421449], [7.9662, 47.42129], [7.96625, 47.421272], [7.967201, 47.42094], [7.96935, 47.420211], [7.970488, 47.419715], [7.971065, 47.419464], [7.971098, 47.41945], [7.971245, 47.419387], [7.971717, 47.419193], [7.971815, 47.419151], [7.972066, 47.419041], [7.972282, 47.418947], [7.972729, 47.419062], [7.973486, 47.419257], [7.974228, 47.419466], [7.974432, 47.419216], [7.974585, 47.419045], [7.974983, 47.418561], [7.975325, 47.418156], [7.975767, 47.417667], [7.97635, 47.417001], [7.976409, 47.416934], [7.976463, 47.416903], [7.976539, 47.416867], [7.976585, 47.416838], [7.976622, 47.416808], [7.976641, 47.416794], [7.976677, 47.416742], [7.97671, 47.4167], [7.976748, 47.416665], [7.976796, 47.416624], [7.976828, 47.416601], [7.97686, 47.416573], [7.976897, 47.416536], [7.976918, 47.416504], [7.976927, 47.416491], [7.976954, 47.416426], [7.976993, 47.41635], [7.977026, 47.416302], [7.977059, 47.416267], [7.977093, 47.416218], [7.977132, 47.416173], [7.977192, 47.41612], [7.977218, 47.4161], [7.97727, 47.416069], [7.977365, 47.416031], [7.977436, 47.416005], [7.977522, 47.415984], [7.977615, 47.415956], [7.977736, 47.415917], [7.977839, 47.415881], [7.977935, 47.415852], [7.978073, 47.415807], [7.978121, 47.415764], [7.978168, 47.415735], [7.978248, 47.415707], [7.978309, 47.41568], [7.978439, 47.415624], [7.978609, 47.415554], [7.978718, 47.415516], [7.978828, 47.415478], [7.978888, 47.415453], [7.978979, 47.415421], [7.979021, 47.415409], [7.979083, 47.415378], [7.979114, 47.415356], [7.979144, 47.415338], [7.979193, 47.415313], [7.979264, 47.415289], [7.979328, 47.41527], [7.979364, 47.415258], [7.979372, 47.415246], [7.979393, 47.415223], [7.979415, 47.415186], [7.979424, 47.415164], [7.979441, 47.415124], [7.979463, 47.415081], [7.97948, 47.415049], [7.979494, 47.415027], [7.979549, 47.414944], [7.97959, 47.414892], [7.979613, 47.41487], [7.979655, 47.414851], [7.979694, 47.414845], [7.979727, 47.414837], [7.979749, 47.414827], [7.979764, 47.414817], [7.979783, 47.414786], [7.979833, 47.414716], [7.979889, 47.414644], [7.979934, 47.414592], [7.979953, 47.414577], [7.979984, 47.414571], [7.980068, 47.414577], [7.980193, 47.414518], [7.980533, 47.414369], [7.981493, 47.413835], [7.981632, 47.413764], [7.981772, 47.413686], [7.981873, 47.413643], [7.981907, 47.413618], [7.981944, 47.413607], [7.981968, 47.413602], [7.981993, 47.413594], [7.982041, 47.413573], [7.982089, 47.413566], [7.982158, 47.41356], [7.982229, 47.413559], [7.98228, 47.413559], [7.982294, 47.413562], [7.982332, 47.413571], [7.982381, 47.413587], [7.982425, 47.413603], [7.982446, 47.413614], [7.982473, 47.413628], [7.98251, 47.413649], [7.982543, 47.413665], [7.982597, 47.413682], [7.982629, 47.413688], [7.982668, 47.413696], [7.982684, 47.413699], [7.982733, 47.413704], [7.982777, 47.413706], [7.982827, 47.413718], [7.982867, 47.413729], [7.982901, 47.41374], [7.982947, 47.413758], [7.982952, 47.413761], [7.982967, 47.413769], [7.982998, 47.413773], [7.983022, 47.413773], [7.983074, 47.413772], [7.983101, 47.413771], [7.983208, 47.413775], [7.983224, 47.413776], [7.983262, 47.413781], [7.983321, 47.413788], [7.983346, 47.413796], [7.98336, 47.413812], [7.983368, 47.413836], [7.983369, 47.413865], [7.98337, 47.413899], [7.983378, 47.413909], [7.983397, 47.413927], [7.983425, 47.413936], [7.983483, 47.413943], [7.983491, 47.413944], [7.983554, 47.413949], [7.983597, 47.413955], [7.983639, 47.413962], [7.983691, 47.413971], [7.983722, 47.413978], [7.983793, 47.413997], [7.983842, 47.414011], [7.983865, 47.41402], [7.98396, 47.414053], [7.983967, 47.414057], [7.983988, 47.414065], [7.984005, 47.414068], [7.984058, 47.414082], [7.984102, 47.414093], [7.984162, 47.414104], [7.98423, 47.41411], [7.98427, 47.414112], [7.984338, 47.414109], [7.984408, 47.414097], [7.984461, 47.414095], [7.98452, 47.414094], [7.984569, 47.414095], [7.984619, 47.414097], [7.984725, 47.414098], [7.98477, 47.414097], [7.984795, 47.414096], [7.984876, 47.414092], [7.984918, 47.414088], [7.984986, 47.414071], [7.984996, 47.414068], [7.985062, 47.414051], [7.985142, 47.414041], [7.985249, 47.414018], [7.985352, 47.413999], [7.985388, 47.41399], [7.985534, 47.41396], [7.985546, 47.413958], [7.98557, 47.413953], [7.985709, 47.413921], [7.98598, 47.413862], [7.986037, 47.413859], [7.986063, 47.413861], [7.986071, 47.413861], [7.986074, 47.413854], [7.986085, 47.41383], [7.986099, 47.413806], [7.986128, 47.41377], [7.986276, 47.413669], [7.986359, 47.41364], [7.986399, 47.413631], [7.986623, 47.413583], [7.986874, 47.41353], [7.987091, 47.413483], [7.987404, 47.413417], [7.98761, 47.413373], [7.987724, 47.413349], [7.987756, 47.413347], [7.987793, 47.413355], [7.987885, 47.413398], [7.987923, 47.413413], [7.988055, 47.41345], [7.988097, 47.413472], [7.988139, 47.413502], [7.988151, 47.413529], [7.988144, 47.413556], [7.988153, 47.413583], [7.988175, 47.413599], [7.988345, 47.413671], [7.988427, 47.413732], [7.988485, 47.413778], [7.988536, 47.413812], [7.988561, 47.413822], [7.988591, 47.413826], [7.988649, 47.413819], [7.988694, 47.413818], [7.988735, 47.413836], [7.988762, 47.413858], [7.988808, 47.413885], [7.988847, 47.413913], [7.988853, 47.413918], [7.988866, 47.413931], [7.988891, 47.413955], [7.988959, 47.413996], [7.989045, 47.414034], [7.989094, 47.414052], [7.989175, 47.414072], [7.989222, 47.414078], [7.989277, 47.414087], [7.989287, 47.414095], [7.9893, 47.414106], [7.989321, 47.414128], [7.989399, 47.414143], [7.989404, 47.414143], [7.989452, 47.414148], [7.989481, 47.414151], [7.989484, 47.414144], [7.989524, 47.414064], [7.989543, 47.41401], [7.989574, 47.413936], [7.989586, 47.413889], [7.989608, 47.413791], [7.98962, 47.413767], [7.989637, 47.413732], [7.989678, 47.413685], [7.989707, 47.413666], [7.989729, 47.413652], [7.989769, 47.413639], [7.989805, 47.41364], [7.989833, 47.413638], [7.989865, 47.41363], [7.989928, 47.413612], [7.989976, 47.413604], [7.990045, 47.41359], [7.99008, 47.413586], [7.990123, 47.41358], [7.990151, 47.413579], [7.990172, 47.413577], [7.990197, 47.413573], [7.990214, 47.413568], [7.990224, 47.413555], [7.990225, 47.413524], [7.990197, 47.413463], [7.990158, 47.413388], [7.990092, 47.413303], [7.99005, 47.413234], [7.99005, 47.413203], [7.990069, 47.41316], [7.99009, 47.413111], [7.990132, 47.412997], [7.990143, 47.412922], [7.99015, 47.412867], [7.99019, 47.412745], [7.990212, 47.412651], [7.990218, 47.412577], [7.990212, 47.412554], [7.990196, 47.412469], [7.990191, 47.412401], [7.990207, 47.412358], [7.990231, 47.412334], [7.990282, 47.412255], [7.990304, 47.412211], [7.990337, 47.412146], [7.990351, 47.412063], [7.990381, 47.412025], [7.99043, 47.412007], [7.990459, 47.411969], [7.990516, 47.411927], [7.99058, 47.411908], [7.990657, 47.411889], [7.990718, 47.411857], [7.990788, 47.411804], [7.990821, 47.411772], [7.99084, 47.411736], [7.991259, 47.411334], [7.991267, 47.411328], [7.991276, 47.411322], [7.991284, 47.411316], [7.991292, 47.41131], [7.9913, 47.411304], [7.991309, 47.411298], [7.991317, 47.411292], [7.991326, 47.411286], [7.991334, 47.41128], [7.991343, 47.411274], [7.991352, 47.411269], [7.991361, 47.411263], [7.99137, 47.411257], [7.991379, 47.411252], [7.991388, 47.411246], [7.991397, 47.411241], [7.991406, 47.411235], [7.991415, 47.41123], [7.991423, 47.411226], [7.99143, 47.411222], [7.991437, 47.411218], [7.991445, 47.411214], [7.991452, 47.411211], [7.99146, 47.411207], [7.991467, 47.411203], [7.991475, 47.411199], [7.99148, 47.411197], [7.991485, 47.411195], [7.99149, 47.411193], [7.991495, 47.411192], [7.9915, 47.41119], [7.991506, 47.411188], [7.991511, 47.411186], [7.991516, 47.411185], [7.991522, 47.411183], [7.991527, 47.411182], [7.991532, 47.41118], [7.991538, 47.411179], [7.991792, 47.411139], [7.992201, 47.411047], [7.992575, 47.410954], [7.992583, 47.410953], [7.992591, 47.410952], [7.992599, 47.410952], [7.992607, 47.410951], [7.992615, 47.41095], [7.992623, 47.410949], [7.992632, 47.410949], [7.99264, 47.410948], [7.992648, 47.410948], [7.992656, 47.410948], [7.992664, 47.410947], [7.992673, 47.410947], [7.992681, 47.410947], [7.992689, 47.410947], [7.992697, 47.410946], [7.992705, 47.410946], [7.992714, 47.410947], [7.992722, 47.410947], [7.99273, 47.410947], [7.992738, 47.410947], [7.992747, 47.410947], [7.992756, 47.410948], [7.992764, 47.410948], [7.992773, 47.410949], [7.992782, 47.410949], [7.99279, 47.41095], [7.992799, 47.410951], [7.992808, 47.410952], [7.992816, 47.410952], [7.992825, 47.410953], [7.992833, 47.410954], [7.992842, 47.410956], [7.992851, 47.410957], [7.992859, 47.410958], [7.992868, 47.410959], [7.992876, 47.410961], [7.993547, 47.411083], [7.993557, 47.411085], [7.993566, 47.411087], [7.993575, 47.411088], [7.993585, 47.41109], [7.993594, 47.411091], [7.993604, 47.411093], [7.993613, 47.411094], [7.993623, 47.411095], [7.993633, 47.411097], [7.993642, 47.411098], [7.993652, 47.411099], [7.993661, 47.4111], [7.993671, 47.411101], [7.993681, 47.411102], [7.99369, 47.411103], [7.9937, 47.411104], [7.99371, 47.411105], [7.99372, 47.411106], [7.993731, 47.411107], [7.993741, 47.411107], [7.993751, 47.411108], [7.993761, 47.411108], [7.993772, 47.411109], [7.993782, 47.411109], [7.993791, 47.411109], [7.9938, 47.411109], [7.99381, 47.411109], [7.993819, 47.411108], [7.993828, 47.411108], [7.993837, 47.411107], [7.993846, 47.411107], [7.993856, 47.411106], [7.993865, 47.411105], [7.993874, 47.411105], [7.993883, 47.411104], [7.993892, 47.411103], [7.993902, 47.411102], [7.993911, 47.411101], [7.99392, 47.4111], [7.993929, 47.411099], [7.993938, 47.411097], [7.993947, 47.411096], [7.993956, 47.411094], [7.993965, 47.411093], [7.993974, 47.411091], [7.993983, 47.41109], [7.993992, 47.411088], [7.994001, 47.411086], [7.994009, 47.411084], [7.994018, 47.411083], [7.994027, 47.411081], [7.994036, 47.411079], [7.994045, 47.411076], [7.994053, 47.411074], [7.994062, 47.411072], [7.994071, 47.41107], [7.994079, 47.411067], [7.994088, 47.411065], [7.994096, 47.411062], [7.994105, 47.41106], [7.994113, 47.411057], [7.994121, 47.411055], [7.99413, 47.411052], [7.994138, 47.411049], [7.994146, 47.411046], [7.994154, 47.411043], [7.994162, 47.41104], [7.99417, 47.411037], [7.994178, 47.411034], [7.994186, 47.411031], [7.994194, 47.411027], [7.994202, 47.411024], [7.99421, 47.411021], [7.994218, 47.411017], [7.994225, 47.411014], [7.994233, 47.41101], [7.994241, 47.411007], [7.994248, 47.411003], [7.994286, 47.410984], [7.994328, 47.410964], [7.994457, 47.410893], [7.994635, 47.410795], [7.994688, 47.41076], [7.994865, 47.410715], [7.994977, 47.410691], [7.995122, 47.41067], [7.995224, 47.410656], [7.995426, 47.410627], [7.995472, 47.410623], [7.995513, 47.410608], [7.995586, 47.410577], [7.995636, 47.410561], [7.995676, 47.410548], [7.995706, 47.410542], [7.995744, 47.410534], [7.995769, 47.410531], [7.995796, 47.41053], [7.995836, 47.410516], [7.99607, 47.410428], [7.996143, 47.410403], [7.996232, 47.410369], [7.99633, 47.410331], [7.996466, 47.41028], [7.996599, 47.410235], [7.996641, 47.410222], [7.996723, 47.410195], [7.996791, 47.410175], [7.996959, 47.410136], [7.997091, 47.410107], [7.997175, 47.410088], [7.997332, 47.410046], [7.997452, 47.41002], [7.997543, 47.410005], [7.997684, 47.409989], [7.99778, 47.409979], [7.99784, 47.409975], [7.99802, 47.40997], [7.99819, 47.40997], [7.998331, 47.409977], [7.99838, 47.409978], [7.998514, 47.409981], [7.998626, 47.409978], [7.998667, 47.409973], [7.998744, 47.40996], [7.99881, 47.409948], [7.998879, 47.409929], [7.998902, 47.40992], [7.998935, 47.409912], [7.998959, 47.409908], [7.998982, 47.409901], [7.999029, 47.409888], [7.999061, 47.409877], [7.999106, 47.409863], [7.999197, 47.409831], [7.99926, 47.409809], [7.999304, 47.409788], [7.999358, 47.409765], [7.999412, 47.409745], [7.999486, 47.40973], [7.999561, 47.409729], [7.999582, 47.409731], [7.999644, 47.409732], [7.999686, 47.409729], [7.999734, 47.409724], [7.999801, 47.409713], [7.999865, 47.409702], [7.999929, 47.409689], [8.000053, 47.409662], [8.000128, 47.409648], [8.000238, 47.409628], [8.000362, 47.409607], [8.000427, 47.409598], [8.000491, 47.409591], [8.000559, 47.409585], [8.000624, 47.40958], [8.00069, 47.409576], [8.00075, 47.409572], [8.000887, 47.409566], [8.001084, 47.409555], [8.001215, 47.409545], [8.00136, 47.40953], [8.001442, 47.409519], [8.001566, 47.409505], [8.001668, 47.409482], [8.001771, 47.409455], [8.001869, 47.409425], [8.001983, 47.409391], [8.002051, 47.409359], [8.002151, 47.409317], [8.002203, 47.409294], [8.002613, 47.409114], [8.002713, 47.40907], [8.003037, 47.408928], [8.003089, 47.408904], [8.003116, 47.408892], [8.003156, 47.408867], [8.003184, 47.40884], [8.003237, 47.408784], [8.003252, 47.408764], [8.003269, 47.40874], [8.003275, 47.408731], [8.0033, 47.408693], [8.003304, 47.408689], [8.003343, 47.40865], [8.00339, 47.408624], [8.003405, 47.408619], [8.003457, 47.408603], [8.003507, 47.408599], [8.003558, 47.408595], [8.003619, 47.408593], [8.003678, 47.408591], [8.003699, 47.408588], [8.003716, 47.408582], [8.003776, 47.408545], [8.003776, 47.408545], [8.003802, 47.408519], [8.003858, 47.40842], [8.003893, 47.408358], [8.003894, 47.408358], [8.003918, 47.408332], [8.003945, 47.408315], [8.00399, 47.408307], [8.004045, 47.408308], [8.004064, 47.408306], [8.004109, 47.408296], [8.004123, 47.408286], [8.004154, 47.408268], [8.00422, 47.408216], [8.004267, 47.40817], [8.00431, 47.408127], [8.004354, 47.408067], [8.004372, 47.408024], [8.004374, 47.408001], [8.004396, 47.407909], [8.004408, 47.407869], [8.00442, 47.407839], [8.004435, 47.407812], [8.004453, 47.407791], [8.004473, 47.407762], [8.004497, 47.407738], [8.004516, 47.407719], [8.00463, 47.407616], [8.004648, 47.407601], [8.004677, 47.407578], [8.004875, 47.407444], [8.004973, 47.407386], [8.005147, 47.407288], [8.005312, 47.407175], [8.005317, 47.407172], [8.005323, 47.407168], [8.005328, 47.407164], [8.005334, 47.407161], [8.00534, 47.407157], [8.005346, 47.407154], [8.005352, 47.407151], [8.005358, 47.407147], [8.005364, 47.407144], [8.00537, 47.407141], [8.005376, 47.407137], [8.005382, 47.407134], [8.005388, 47.407131], [8.005395, 47.407128], [8.005401, 47.407125], [8.005407, 47.407122], [8.005414, 47.407119], [8.00542, 47.407116], [8.005427, 47.407113], [8.005433, 47.407111], [8.00544, 47.407108], [8.005447, 47.407105], [8.005454, 47.407102], [8.005461, 47.4071], [8.005469, 47.407097], [8.005476, 47.407094], [8.005483, 47.407092], [8.005491, 47.407089], [8.005498, 47.407087], [8.005506, 47.407084], [8.005514, 47.407082], [8.005521, 47.40708], [8.005529, 47.407078], [8.005537, 47.407076], [8.005544, 47.407074], [8.005552, 47.407072], [8.00556, 47.40707], [8.005568, 47.407068], [8.005576, 47.407066], [8.005584, 47.407064], [8.005617, 47.407058], [8.005852, 47.407015], [8.005961, 47.406995], [8.006004, 47.406988], [8.006058, 47.406974], [8.006065, 47.406972], [8.006128, 47.406954], [8.006176, 47.40694], [8.006348, 47.406892], [8.006375, 47.406884], [8.006448, 47.406861], [8.006482, 47.406851], [8.006514, 47.406841], [8.006589, 47.406822], [8.006641, 47.406814], [8.00672, 47.406798], [8.006773, 47.406788], [8.006853, 47.406758], [8.006928, 47.406725], [8.006976, 47.406703], [8.007067, 47.406662], [8.007079, 47.406656], [8.007153, 47.406625], [8.007179, 47.406618], [8.007237, 47.4066], [8.007271, 47.406587], [8.007277, 47.406582], [8.007294, 47.406546], [8.007304, 47.406521], [8.007307, 47.406502], [8.00731, 47.406485], [8.007313, 47.406459], [8.007332, 47.406338], [8.007339, 47.406267], [8.007342, 47.406241], [8.007343, 47.406231], [8.007346, 47.406176], [8.007349, 47.406136], [8.007349, 47.406128], [8.007353, 47.406106], [8.007358, 47.406089], [8.007372, 47.406051], [8.007381, 47.40603], [8.007576, 47.405568], [8.007704, 47.405221], [8.007734, 47.405162], [8.007755, 47.405142], [8.007767, 47.405139], [8.007796, 47.405104], [8.007816, 47.405077], [8.007827, 47.405065], [8.007857, 47.405045], [8.007888, 47.405022], [8.007916, 47.405013], [8.007976, 47.404993], [8.007992, 47.404993], [8.008054, 47.404971], [8.008105, 47.404949], [8.008177, 47.404914], [8.008223, 47.404888], [8.008242, 47.404854], [8.008253, 47.404819], [8.008251, 47.404807], [8.008246, 47.404799], [8.008241, 47.40479], [8.008225, 47.404743], [8.008223, 47.404736], [8.008192, 47.404646], [8.008184, 47.404611], [8.008166, 47.404568], [8.008151, 47.404539], [8.008108, 47.40446], [8.008097, 47.404429], [8.008096, 47.404412], [8.008097, 47.404376], [8.008098, 47.40435], [8.0081, 47.404312], [8.00807, 47.404182], [8.008069, 47.404139], [8.008078, 47.404117], [8.008089, 47.404096], [8.008145, 47.404017], [8.00815, 47.404003], [8.008184, 47.403961], [8.008198, 47.403939], [8.008224, 47.403905], [8.008242, 47.403884], [8.008253, 47.403876], [8.008265, 47.403848], [8.008276, 47.403814], [8.008275, 47.403803], [8.008275, 47.403781], [8.008274, 47.403751], [8.008268, 47.403721], [8.008262, 47.403706], [8.00826, 47.403692], [8.00826, 47.403669], [8.008269, 47.403641], [8.008273, 47.403613], [8.008304, 47.403559], [8.008316, 47.403546], [8.008377, 47.403491], [8.008444, 47.403442], [8.008462, 47.403425], [8.008501, 47.403371], [8.008537, 47.403304], [8.008566, 47.403214], [8.008573, 47.403203], [8.008591, 47.40316], [8.008603, 47.403093], [8.008639, 47.403065], [8.00874, 47.403], [8.008762, 47.402991], [8.008819, 47.402939], [8.008834, 47.402926], [8.008848, 47.402911], [8.00888, 47.402864], [8.008887, 47.40284], [8.008897, 47.402792], [8.008902, 47.402752], [8.008907, 47.402727], [8.008908, 47.402709], [8.008903, 47.40263], [8.008899, 47.402568], [8.008894, 47.402533], [8.008889, 47.402516], [8.008889, 47.402492], [8.008892, 47.402465], [8.008895, 47.402444], [8.008902, 47.40243], [8.008929, 47.402409], [8.008932, 47.402407], [8.008988, 47.402382], [8.009037, 47.402345], [8.009055, 47.402329], [8.009086, 47.402285], [8.009098, 47.402239], [8.009099, 47.402197], [8.009086, 47.40214], [8.009116, 47.401983], [8.009129, 47.401923], [8.00913, 47.401906], [8.009132, 47.401881], [8.009136, 47.401853], [8.009141, 47.40184], [8.009131, 47.401794], [8.009133, 47.401752], [8.009145, 47.401732], [8.009219, 47.401673], [8.009233, 47.401646], [8.009276, 47.401588], [8.009284, 47.401577], [8.009293, 47.401569], [8.009331, 47.40155], [8.00937, 47.401543], [8.009419, 47.401544], [8.009453, 47.401555], [8.009511, 47.40158], [8.009557, 47.401601], [8.009627, 47.401613], [8.009666, 47.401601], [8.009692, 47.40159], [8.009733, 47.401546], [8.009798, 47.401496], [8.009853, 47.401449], [8.00989, 47.401387], [8.009908, 47.401335], [8.009924, 47.401305], [8.009944, 47.401288], [8.009975, 47.401265], [8.00999, 47.401257], [8.010039, 47.40124], [8.010052, 47.401229], [8.010058, 47.401219], [8.010064, 47.401198], [8.010064, 47.401179], [8.009991, 47.401124], [8.009951, 47.401053], [8.009957, 47.400998], [8.009963, 47.40098], [8.010008, 47.400908], [8.010004, 47.40085], [8.009949, 47.400758], [8.009952, 47.400745], [8.009959, 47.400726], [8.009969, 47.400717], [8.01002, 47.400693], [8.010067, 47.400684], [8.010091, 47.400684], [8.010146, 47.400696], [8.010211, 47.40073], [8.010261, 47.400734], [8.010299, 47.400709], [8.010304, 47.400688], [8.010312, 47.400673], [8.010314, 47.400628], [8.010318, 47.400627], [8.010315, 47.400613], [8.010316, 47.400603], [8.010322, 47.400584], [8.010328, 47.400569], [8.010338, 47.400554], [8.010372, 47.40051], [8.010389, 47.400492], [8.01047, 47.400435], [8.01048, 47.400425], [8.010468, 47.40039], [8.010438, 47.400352], [8.010362, 47.400256], [8.010336, 47.40022], [8.010323, 47.400204], [8.010309, 47.400188], [8.01031, 47.400183], [8.010286, 47.40016], [8.010247, 47.400122], [8.01023, 47.400103], [8.010205, 47.400067], [8.010172, 47.400003], [8.010153, 47.399958], [8.01015, 47.399945], [8.010153, 47.399891], [8.010161, 47.399812], [8.010178, 47.399753], [8.010184, 47.39971], [8.010215, 47.399675], [8.010234, 47.399654], [8.010248, 47.399629], [8.010263, 47.399598], [8.010265, 47.399592], [8.010279, 47.399539], [8.01028, 47.399536], [8.010282, 47.39952], [8.010278, 47.399513], [8.010265, 47.399421], [8.010263, 47.39935], [8.010256, 47.399284], [8.010253, 47.39927], [8.010222, 47.399225], [8.010211, 47.399212], [8.010196, 47.39919], [8.010179, 47.399154], [8.010177, 47.399103], [8.010184, 47.399072], [8.010209, 47.399038], [8.010244, 47.399003], [8.010265, 47.398987], [8.01028, 47.39898], [8.010307, 47.39895], [8.01038, 47.398841], [8.010411, 47.398824], [8.010419, 47.398772], [8.010413, 47.398759], [8.010394, 47.398742], [8.010387, 47.398723], [8.010321, 47.398648], [8.010307, 47.398617], [8.010229, 47.398442], [8.010214, 47.398401], [8.010178, 47.39832], [8.010157, 47.39828], [8.010162, 47.39823], [8.010168, 47.398201], [8.010203, 47.39811], [8.010215, 47.398084], [8.010305, 47.397937], [8.010321, 47.397912], [8.010347, 47.397866], [8.010387, 47.397803], [8.0104, 47.397792], [8.0104, 47.397789], [8.010399, 47.397732], [8.010402, 47.397725], [8.0104, 47.397716], [8.010371, 47.39769], [8.010347, 47.397676], [8.010289, 47.397657], [8.010128, 47.397597], [8.01006, 47.397568], [8.010042, 47.397556], [8.009999, 47.397509], [8.009986, 47.397483], [8.009968, 47.397445], [8.009955, 47.397405], [8.009948, 47.39739], [8.009941, 47.397379], [8.009957, 47.397348], [8.009978, 47.397306], [8.009982, 47.397302], [8.010024, 47.397227], [8.01006, 47.39718], [8.010091, 47.39714], [8.01012, 47.397106], [8.010148, 47.397066], [8.010177, 47.397025], [8.010195, 47.397002], [8.010171, 47.396992], [8.010167, 47.39699], [8.010159, 47.396983], [8.010015, 47.39685], [8.010011, 47.396852], [8.009987, 47.396832], [8.009966, 47.396816], [8.009938, 47.396787], [8.009921, 47.396767], [8.009896, 47.396731], [8.009886, 47.396716], [8.009879, 47.396697], [8.009864, 47.396633], [8.009856, 47.396614], [8.009849, 47.396545], [8.009854, 47.396515], [8.009877, 47.396454], [8.009941, 47.396377], [8.010002, 47.396306], [8.010018, 47.396264], [8.010038, 47.396202], [8.010046, 47.396166], [8.010038, 47.396088], [8.010015, 47.396051], [8.009938, 47.395963], [8.009895, 47.395919], [8.009869, 47.395884], [8.00983, 47.395821], [8.009813, 47.395782], [8.00981, 47.395698], [8.009834, 47.395677], [8.009904, 47.395577], [8.009961, 47.395483], [8.00999, 47.395443], [8.010011, 47.395419], [8.010111, 47.395361], [8.010241, 47.395306], [8.010344, 47.395206], [8.010465, 47.395133], [8.010596, 47.395081], [8.01075, 47.39504], [8.010893, 47.395025], [8.010988, 47.395002], [8.011177, 47.3949], [8.01124, 47.394872], [8.011346, 47.394846], [8.011489, 47.394826], [8.011637, 47.394787], [8.011757, 47.394756], [8.011927, 47.394689], [8.011988, 47.394673], [8.012566, 47.394571], [8.01325, 47.39445], [8.013585, 47.39439], [8.013591, 47.394388], [8.013598, 47.394387], [8.013605, 47.394386], [8.013612, 47.394385], [8.013618, 47.394384], [8.013625, 47.394383], [8.013632, 47.394382], [8.013639, 47.394381], [8.013646, 47.39438], [8.013652, 47.39438], [8.013659, 47.394379], [8.013666, 47.394379], [8.013673, 47.394378], [8.01368, 47.394378], [8.013687, 47.394377], [8.013694, 47.394377], [8.013701, 47.394377], [8.013707, 47.394377], [8.013714, 47.394377], [8.013721, 47.394377], [8.013728, 47.394377], [8.013735, 47.394377], [8.013742, 47.394377], [8.013749, 47.394378], [8.013756, 47.394378], [8.013763, 47.394378], [8.01377, 47.394379], [8.013776, 47.394379], [8.013783, 47.39438], [8.01379, 47.394381], [8.013797, 47.394382], [8.013804, 47.394382], [8.013811, 47.394383], [8.013817, 47.394384], [8.013823, 47.394385], [8.013829, 47.394386], [8.013835, 47.394387], [8.013841, 47.394388], [8.013847, 47.394389], [8.013853, 47.39439], [8.013859, 47.394391], [8.013865, 47.394392], [8.01387, 47.394394], [8.013876, 47.394395], [8.013882, 47.394396], [8.013888, 47.394398], [8.013893, 47.394399], [8.013899, 47.394401], [8.013904, 47.394403], [8.013909, 47.394404], [8.013914, 47.394406], [8.01392, 47.394408], [8.013925, 47.394409], [8.01393, 47.394411], [8.013935, 47.394413], [8.01394, 47.394415], [8.013945, 47.394417], [8.013949, 47.394419], [8.013954, 47.394421], [8.013959, 47.394423], [8.013964, 47.394425], [8.013968, 47.394428], [8.014567, 47.394731], [8.014573, 47.394734], [8.014578, 47.394736], [8.014583, 47.394739], [8.014588, 47.394742], [8.014593, 47.394744], [8.014599, 47.394747], [8.014604, 47.394749], [8.014609, 47.394752], [8.014616, 47.394754], [8.014622, 47.394757], [8.014628, 47.39476], [8.014634, 47.394762], [8.014641, 47.394765], [8.014647, 47.394767], [8.014653, 47.39477], [8.01466, 47.394772], [8.014666, 47.394774], [8.014672, 47.394775], [8.014678, 47.394777], [8.014684, 47.394778], [8.01469, 47.39478], [8.014696, 47.394781], [8.014702, 47.394783], [8.014708, 47.394784], [8.014714, 47.394785], [8.01472, 47.394787], [8.014726, 47.394788], [8.014732, 47.394789], [8.014738, 47.39479], [8.014744, 47.394791], [8.01475, 47.394792], [8.014756, 47.394793], [8.014763, 47.394794], [8.014769, 47.394795], [8.015427, 47.394883], [8.015433, 47.394884], [8.015439, 47.394885], [8.015445, 47.394886], [8.015452, 47.394887], [8.015458, 47.394888], [8.015464, 47.394889], [8.01547, 47.394891], [8.015476, 47.394892], [8.015482, 47.394893], [8.015489, 47.394895], [8.015496, 47.394897], [8.015502, 47.394898], [8.015509, 47.3949], [8.015516, 47.394902], [8.015522, 47.394904], [8.015529, 47.394905], [8.015701, 47.394957], [8.01571, 47.39496], [8.01572, 47.394963], [8.015729, 47.394965], [8.015739, 47.394968], [8.015748, 47.39497], [8.015758, 47.394973], [8.015767, 47.394975], [8.015777, 47.394977], [8.015787, 47.394979], [8.015796, 47.394981], [8.015806, 47.394983], [8.015816, 47.394985], [8.015826, 47.394987], [8.015835, 47.394989], [8.015845, 47.394991], [8.015855, 47.394993], [8.015865, 47.394994], [8.015875, 47.394996], [8.015885, 47.394997], [8.015895, 47.394999], [8.015905, 47.395], [8.015915, 47.395001], [8.015924, 47.395002], [8.015933, 47.395003], [8.015943, 47.395004], [8.015952, 47.395005], [8.015961, 47.395006], [8.015971, 47.395007], [8.01598, 47.395008], [8.015989, 47.395008], [8.015999, 47.395009], [8.016008, 47.395009], [8.016018, 47.39501], [8.016027, 47.39501], [8.016036, 47.395011], [8.016046, 47.395011], [8.016055, 47.395011], [8.016065, 47.395011], [8.016074, 47.395012], [8.016084, 47.395012], [8.016093, 47.395012], [8.016102, 47.395012], [8.016112, 47.395011], [8.016121, 47.395011], [8.016131, 47.395011], [8.01614, 47.395011], [8.016149, 47.39501], [8.016159, 47.39501], [8.016554, 47.394982], [8.01657, 47.394981], [8.016587, 47.39498], [8.016603, 47.394979], [8.01662, 47.394977], [8.016636, 47.394976], [8.016653, 47.394975], [8.016669, 47.394973], [8.016686, 47.394972], [8.016702, 47.39497], [8.016718, 47.394969], [8.016735, 47.394967], [8.016751, 47.394965], [8.016768, 47.394963], [8.016784, 47.394961], [8.0168, 47.39496], [8.016817, 47.394958], [8.016833, 47.394955], [8.016849, 47.394953], [8.016865, 47.394951], [8.016882, 47.394949], [8.016898, 47.394947], [8.016914, 47.394944], [8.01693, 47.394942], [8.016946, 47.394939], [8.016963, 47.394937], [8.016979, 47.394934], [8.016995, 47.394931], [8.017011, 47.394928], [8.017027, 47.394926], [8.017043, 47.394923], [8.017059, 47.39492], [8.017074, 47.394917], [8.01709, 47.394914], [8.017106, 47.394911], [8.017122, 47.394907], [8.017137, 47.394904], [8.017153, 47.394901], [8.017169, 47.394898], [8.017184, 47.394894], [8.0172, 47.394891], [8.017216, 47.394887], [8.017231, 47.394883], [8.017247, 47.39488], [8.017262, 47.394876], [8.017278, 47.394872], [8.017293, 47.394868], [8.017308, 47.394864], [8.017324, 47.39486], [8.017886, 47.394708], [8.018509, 47.39454], [8.018519, 47.394537], [8.01853, 47.394533], [8.01854, 47.39453], [8.018551, 47.394526], [8.018561, 47.394523], [8.018572, 47.394519], [8.018582, 47.394515], [8.018592, 47.394512], [8.018603, 47.394508], [8.018613, 47.394504], [8.018623, 47.3945], [8.018633, 47.394496], [8.018644, 47.394492], [8.018654, 47.394488], [8.018664, 47.394484], [8.018674, 47.39448], [8.018684, 47.394476], [8.018695, 47.394471], [8.018706, 47.394466], [8.018716, 47.394462], [8.018727, 47.394457], [8.018737, 47.394452], [8.018747, 47.394448], [8.018758, 47.394443], [8.018768, 47.394438], [8.018778, 47.394433], [8.018788, 47.394428], [8.018799, 47.394423], [8.018809, 47.394418], [8.018819, 47.394412], [8.018875, 47.394383], [8.019037, 47.394302], [8.019143, 47.39425], [8.019276, 47.394181], [8.019286, 47.394177], [8.019297, 47.394172], [8.019307, 47.394168], [8.019318, 47.394163], [8.019328, 47.394159], [8.019339, 47.394154], [8.01935, 47.39415], [8.01936, 47.394146], [8.019371, 47.394142], [8.019382, 47.394138], [8.019393, 47.394134], [8.019404, 47.39413], [8.019415, 47.394126], [8.019426, 47.394122], [8.019437, 47.394118], [8.019448, 47.394115], [8.019459, 47.394111], [8.019471, 47.394107], [8.019482, 47.394104], [8.019494, 47.3941], [8.019505, 47.394097], [8.019517, 47.394094], [8.019528, 47.39409], [8.01954, 47.394087], [8.019552, 47.394084], [8.019563, 47.394081], [8.019575, 47.394078], [8.019587, 47.394075], [8.019925, 47.394004], [8.019978, 47.39399], [8.019984, 47.394023], [8.019986, 47.394033], [8.020007, 47.394138], [8.020009, 47.394148], [8.020338, 47.395808], [8.023094, 47.395727], [8.024571, 47.395684], [8.026431, 47.395629], [8.026571, 47.395624], [8.026885, 47.394736], [8.026973, 47.394487], [8.027224, 47.393776], [8.02724, 47.393732], [8.027285, 47.393605], [8.027327, 47.393486], [8.027422, 47.393217], [8.02746, 47.393111], [8.027505, 47.392985], [8.027604, 47.392706], [8.027783, 47.392199], [8.028009, 47.391561], [8.028246, 47.390892], [8.028472, 47.390251], [8.028705, 47.389594], [8.028937, 47.388939], [8.029169, 47.388281], [8.02928, 47.387968], [8.029437, 47.387525], [8.02944, 47.387516], [8.029477, 47.387413], [8.029581, 47.387118], [8.029594, 47.387079], [8.029732, 47.386689], [8.029758, 47.386614], [8.029818, 47.386446], [8.030077, 47.385986], [8.030208, 47.385756], [8.030227, 47.385723], [8.030249, 47.385683], [8.030304, 47.385584], [8.030359, 47.385487], [8.030414, 47.385388], [8.030469, 47.385289], [8.030482, 47.385265], [8.030498, 47.385239], [8.030513, 47.385213], [8.030527, 47.385188], [8.030541, 47.385163], [8.030556, 47.385138], [8.03057, 47.385112], [8.030578, 47.385099], [8.030616, 47.385032], [8.031076, 47.38422], [8.031164, 47.38407], [8.03119, 47.384032], [8.031164, 47.384023], [8.031232, 47.383951], [8.031342, 47.383728], [8.031357, 47.383698], [8.031376, 47.383687], [8.031311, 47.383443], [8.031237, 47.383274], [8.031144, 47.383132], [8.031033, 47.382886], [8.030941, 47.382679], [8.030821, 47.382407], [8.030848, 47.38178], [8.030866, 47.38135], [8.029995, 47.380009], [8.029549, 47.379323], [8.029712, 47.378452], [8.029845, 47.377725], [8.029553, 47.37721], [8.029234, 47.376646], [8.029171, 47.375974], [8.029141, 47.375653], [8.029136, 47.3756], [8.028613, 47.375091], [8.027979, 47.374474], [8.027745, 47.374247], [8.027801, 47.374146], [8.027849, 47.374059], [8.027912, 47.373946], [8.027984, 47.373817], [8.028021, 47.373749], [8.028117, 47.373577], [8.028196, 47.373435], [8.028283, 47.373278], [8.02833, 47.373193], [8.028045, 47.372936], [8.027724, 47.372646], [8.027673, 47.372601], [8.027527, 47.371976], [8.027374, 47.371319], [8.027341, 47.371175], [8.027339, 47.371131], [8.027369, 47.371127], [8.02739, 47.371123], [8.0274, 47.371064], [8.027409, 47.371004], [8.027385, 47.370977], [8.027102, 47.370661], [8.027164, 47.370528], [8.027224, 47.37051], [8.027295, 47.37041], [8.027343, 47.370208], [8.027343, 47.370191], [8.027332, 47.370176], [8.027191, 47.370058], [8.027188, 47.369999], [8.027213, 47.369936], [8.027208, 47.369832], [8.027201, 47.369783], [8.027206, 47.369719], [8.027123, 47.36951], [8.027081, 47.36949], [8.027078, 47.369431], [8.027041, 47.369391], [8.027022, 47.36932], [8.026972, 47.369286], [8.026961, 47.36927], [8.026945, 47.369217], [8.026912, 47.369139], [8.026863, 47.36905], [8.026846, 47.368936], [8.026828, 47.368911], [8.02679, 47.368888], [8.026796, 47.368775], [8.026717, 47.368681], [8.026163, 47.368665], [8.025958, 47.368415], [8.025866, 47.368224], [8.025727, 47.368042], [8.025687, 47.36802], [8.025155, 47.36772], [8.025215, 47.367457], [8.025221, 47.367432], [8.025207, 47.367431], [8.025136, 47.3674], [8.025118, 47.367358], [8.025123, 47.367337], [8.025128, 47.367315], [8.025105, 47.367302], [8.025091, 47.36727], [8.025082, 47.367251], [8.025044, 47.367174], [8.025022, 47.367118], [8.024913, 47.366979], [8.024856, 47.366915], [8.024804, 47.366877], [8.024773, 47.366854], [8.024768, 47.366837], [8.024748, 47.366773], [8.024711, 47.36671], [8.024687, 47.366638], [8.024665, 47.366556], [8.02466, 47.366491], [8.024654, 47.366441], [8.02463, 47.366362], [8.024638, 47.36631], [8.02462, 47.366263], [8.024586, 47.3662], [8.024556, 47.366165], [8.024531, 47.366112], [8.02453, 47.366069], [8.024502, 47.365981], [8.024506, 47.365928], [8.024497, 47.365891], [8.024453, 47.365844], [8.02443, 47.365816], [8.024383, 47.365737], [8.02436, 47.365664], [8.02435, 47.365611], [8.024329, 47.365548], [8.024282, 47.365496], [8.024226, 47.365443], [8.024039, 47.36529], [8.02402, 47.36527], [8.023981, 47.36523], [8.023938, 47.365217], [8.023854, 47.365181], [8.023743, 47.365159], [8.023628, 47.365126], [8.023493, 47.365082], [8.022951, 47.364886], [8.022907, 47.36487], [8.022391, 47.36468], [8.021272, 47.36433], [8.020496, 47.364161], [8.019971, 47.363981], [8.019441, 47.363804], [8.019155, 47.363608], [8.019118, 47.363583], [8.018722, 47.363253], [8.018331, 47.362969], [8.018059, 47.36276], [8.017784, 47.362635], [8.017409, 47.362488], [8.017155, 47.362129], [8.016951, 47.361629], [8.016545, 47.361193], [8.016787, 47.36091], [8.016737, 47.360607], [8.016396, 47.360371], [8.015987, 47.360191], [8.015451, 47.359939], [8.015057, 47.359834], [8.014539, 47.359617], [8.01422, 47.359493], [8.014124, 47.359255], [8.013833, 47.359193], [8.013567, 47.359048], [8.013437, 47.358859], [8.013099, 47.358727], [8.013022, 47.358458], [8.012897, 47.358147], [8.012346, 47.357971], [8.011988, 47.357735], [8.011518, 47.357468], [8.011135, 47.357134], [8.010607, 47.35705], [8.010483, 47.356952], [8.01107, 47.356297], [8.011654, 47.355643], [8.012241, 47.354986], [8.01283, 47.354331], [8.012759, 47.353523], [8.012692, 47.352746], [8.012616, 47.351954], [8.012343, 47.351218], [8.012085, 47.350512], [8.011826, 47.349817], [8.010048, 47.348811], [8.00827, 47.347818], [8.007556, 47.347417], [8.006772, 47.346978], [8.003845, 47.345316], [8.004058, 47.344435], [8.004276, 47.343447], [8.005143, 47.342223], [8.006016, 47.341022], [8.006831, 47.339975], [8.007058, 47.339691], [8.007365, 47.339305], [8.007305, 47.339234], [8.007298, 47.339226], [8.007235, 47.339148], [8.006817, 47.33865], [8.00629, 47.338031], [8.005855, 47.337518], [8.0052, 47.336753], [8.004126, 47.336391], [8.002865, 47.335964], [8.002048, 47.335409], [8.001726, 47.33519], [8.001663, 47.335146], [8.001079, 47.334753], [8.000782, 47.335045], [8.000745, 47.334993], [8.000647, 47.334897], [8.000507, 47.334829], [8.000402, 47.334793], [8.00003, 47.334665], [7.999562, 47.334516], [7.998915, 47.334303], [7.998767, 47.334253], [7.99813, 47.334043], [7.998121, 47.334055], [7.997302, 47.333784], [7.996772, 47.333599], [7.996317, 47.333445], [7.9963, 47.333439], [7.99629, 47.333452], [7.995623, 47.333233], [7.995502, 47.333201], [7.995373, 47.333182], [7.994332, 47.333083], [7.994293, 47.333079], [7.99344, 47.332914], [7.991849, 47.332605], [7.991501, 47.332689], [7.990954, 47.332811], [7.990855, 47.332661], [7.990682, 47.332399], [7.990541, 47.332184], [7.99038, 47.331939], [7.990158, 47.331664], [7.990108, 47.331601], [7.989859, 47.331295], [7.989709, 47.331102], [7.989615, 47.330997], [7.989452, 47.330827], [7.989371, 47.330743], [7.989079, 47.330562], [7.988703, 47.330353], [7.988333, 47.330143], [7.987832, 47.329863], [7.987382, 47.32961], [7.987361, 47.329598], [7.987321, 47.329575], [7.987323, 47.32957], [7.987325, 47.329565], [7.987327, 47.329559], [7.98733, 47.329554], [7.987332, 47.329549], [7.987333, 47.329544], [7.987335, 47.329538], [7.987337, 47.329533], [7.987339, 47.329528], [7.98734, 47.329522], [7.987342, 47.329517], [7.987343, 47.329512], [7.987344, 47.329506], [7.987346, 47.329501], [7.987347, 47.329495], [7.987348, 47.32949], [7.987349, 47.329484], [7.987349, 47.329479], [7.98735, 47.329474], [7.987351, 47.329468], [7.987481, 47.328799], [7.987482, 47.328796], [7.987483, 47.328792], [7.987483, 47.328789], [7.987483, 47.328786], [7.987484, 47.328783], [7.987484, 47.328779], [7.987484, 47.328776], [7.987484, 47.328773], [7.987484, 47.32877], [7.987484, 47.328767], [7.987483, 47.328763], [7.987483, 47.32876], [7.987482, 47.328757], [7.987482, 47.328754], [7.987481, 47.32875], [7.98748, 47.328747], [7.987479, 47.328744], [7.987478, 47.328741], [7.987477, 47.328738], [7.987476, 47.328735], [7.987475, 47.328731], [7.987473, 47.328728], [7.987472, 47.328725], [7.98747, 47.328722], [7.987469, 47.328719], [7.987467, 47.328716], [7.987465, 47.328713], [7.987463, 47.32871], [7.987461, 47.328707], [7.987459, 47.328704], [7.987457, 47.328701], [7.987454, 47.328699], [7.987452, 47.328696], [7.98745, 47.328693], [7.987447, 47.32869], [7.987444, 47.328688], [7.987442, 47.328685], [7.987439, 47.328682], [7.987436, 47.32868], [7.987433, 47.328677], [7.98743, 47.328675], [7.987427, 47.328672], [7.987423, 47.32867], [7.98742, 47.328667], [7.987417, 47.328665], [7.987413, 47.328663], [7.98741, 47.328661], [7.987406, 47.328658], [7.987403, 47.328656], [7.987399, 47.328654], [7.987395, 47.328652], [7.987391, 47.32865], [7.985339, 47.32757], [7.985337, 47.327569], [7.985334, 47.327567], [7.985332, 47.327566], [7.985329, 47.327565], [7.985326, 47.327564], [7.985323, 47.327563], [7.98532, 47.327562], [7.985317, 47.327561], [7.985314, 47.32756], [7.985311, 47.327559], [7.985308, 47.327559], [7.985305, 47.327558], [7.985302, 47.327558], [7.985299, 47.327557], [7.985296, 47.327557], [7.985293, 47.327556], [7.98529, 47.327556], [7.985287, 47.327556], [7.985283, 47.327555], [7.98528, 47.327555], [7.985277, 47.327555], [7.985274, 47.327555], [7.985271, 47.327555], [7.985267, 47.327555], [7.985264, 47.327555], [7.985261, 47.327556], [7.985258, 47.327556], [7.985255, 47.327556], [7.985252, 47.327557], [7.985249, 47.327557], [7.985245, 47.327558], [7.985242, 47.327559], [7.985239, 47.327559], [7.985236, 47.32756], [7.985233, 47.327561], [7.985231, 47.327562], [7.985228, 47.327563], [7.985225, 47.327564], [7.985222, 47.327565], [7.985219, 47.327566], [7.985217, 47.327567], [7.985214, 47.327568], [7.985211, 47.327569], [7.985209, 47.327571], [7.985206, 47.327572], [7.985204, 47.327574], [7.985202, 47.327575], [7.985199, 47.327577], [7.985197, 47.327578], [7.985195, 47.32758], [7.985193, 47.327581], [7.985191, 47.327583], [7.985189, 47.327585], [7.985187, 47.327587], [7.985186, 47.327588], [7.985184, 47.32759], [7.985182, 47.327592], [7.985181, 47.327594], [7.985179, 47.327596], [7.985178, 47.327598], [7.984771, 47.328228], [7.984695, 47.328338], [7.984568, 47.328492], [7.98452, 47.328469], [7.982727, 47.327598], [7.982638, 47.327574], [7.982631, 47.327572], [7.982348, 47.327675], [7.980329, 47.326919], [7.98028, 47.326901], [7.978658, 47.326295], [7.977885, 47.326006], [7.977826, 47.325984], [7.977863, 47.325922], [7.977947, 47.325779], [7.978085, 47.325541], [7.977108, 47.325117], [7.97669, 47.324936], [7.976088, 47.324675], [7.976094, 47.324655], [7.976142, 47.324513], [7.976208, 47.324321], [7.976257, 47.324181], [7.976325, 47.323982], [7.976338, 47.323944], [7.976365, 47.323867], [7.976418, 47.323712], [7.97649, 47.323502], [7.976512, 47.323445], [7.976194, 47.323403], [7.974947, 47.323241], [7.974111, 47.323145], [7.973379, 47.323062], [7.973357, 47.323115], [7.973177, 47.323074], [7.9732, 47.323027], [7.972464, 47.322906], [7.971748, 47.322763], [7.970914, 47.322617], [7.97038, 47.322526], [7.970482, 47.32223], [7.969777, 47.322122], [7.968696, 47.321955], [7.967624, 47.321789], [7.966997, 47.321692], [7.966891, 47.321676], [7.96658, 47.321628], [7.965549, 47.321469], [7.964513, 47.321309], [7.963852, 47.321142], [7.963861, 47.321085], [7.963869, 47.321031], [7.963776, 47.321016], [7.963685, 47.321001], [7.96357, 47.320983], [7.963555, 47.321019], [7.963533, 47.321071], [7.963501, 47.32115], [7.962249, 47.320945], [7.961018, 47.320734], [7.959799, 47.320493], [7.958691, 47.320284], [7.958627, 47.320272], [7.95758, 47.320028], [7.95648, 47.319768], [7.955812, 47.319606], [7.9554, 47.319498], [7.955207, 47.319447], [7.954216, 47.319166], [7.953055, 47.318816], [7.951906, 47.31845], [7.95076, 47.318075], [7.950044, 47.317839], [7.949047, 47.31751], [7.948868, 47.317449], [7.948731, 47.317402], [7.948564, 47.317345], [7.947978, 47.317144], [7.948054, 47.317494], [7.948085, 47.31763], [7.948136, 47.317801], [7.948227, 47.317963], [7.948336, 47.318105], [7.948273, 47.318253], [7.948256, 47.318292], [7.9482, 47.318419], [7.94755, 47.319905], [7.947527, 47.320145], [7.94758, 47.320312], [7.947579, 47.320479], [7.947513, 47.320851], [7.94752, 47.320951], [7.947434, 47.321365], [7.947328, 47.321585], [7.947197, 47.321755], [7.947089, 47.322249], [7.947134, 47.322824], [7.947237, 47.324145], [7.947244, 47.32424], [7.947317, 47.325174], [7.947354, 47.325254], [7.948046, 47.326719], [7.948359, 47.327768], [7.948461, 47.328109], [7.948578, 47.3285], [7.948587, 47.328538], [7.948614, 47.328657], [7.948621, 47.328686], [7.948797, 47.329449], [7.948808, 47.329493], [7.948826, 47.329573], [7.948648, 47.330105], [7.947894, 47.332352], [7.947839, 47.332518], [7.947707, 47.332485], [7.947473, 47.332425], [7.947126, 47.332336], [7.947107, 47.332337], [7.942042, 47.332407], [7.939389, 47.332439], [7.939007, 47.332449], [7.938601, 47.33246], [7.938576, 47.332461], [7.938187, 47.332472], [7.937752, 47.332483], [7.937722, 47.332484], [7.937357, 47.332515], [7.935936, 47.332635], [7.935379, 47.332682], [7.93536, 47.332684], [7.9347, 47.33274], [7.934463, 47.33276], [7.933964, 47.332804], [7.932714, 47.332913], [7.932673, 47.332917], [7.931313, 47.333036], [7.931236, 47.333042], [7.931199, 47.333038], [7.930999, 47.333055], [7.930612, 47.333087], [7.928888, 47.333234], [7.928849, 47.333237], [7.926065, 47.333473], [7.925995, 47.333479], [7.92595, 47.333482], [7.925921, 47.333485], [7.925743, 47.333497], [7.925681, 47.333501], [7.924821, 47.333559], [7.924767, 47.333563], [7.923737, 47.333633], [7.923257, 47.333665], [7.923215, 47.333668], [7.923161, 47.333672], [7.922548, 47.333713], [7.919216, 47.333952], [7.919144, 47.334048], [7.918757, 47.334566], [7.918194, 47.335317], [7.917907, 47.335477], [7.916028, 47.336523], [7.915836, 47.33663], [7.912705, 47.338364], [7.911844, 47.338841], [7.911213, 47.339191], [7.910644, 47.33973], [7.910375, 47.339985], [7.910168, 47.340182], [7.910156, 47.340193], [7.909979, 47.340361], [7.909721, 47.340607], [7.909695, 47.340632], [7.909379, 47.340933], [7.909364, 47.340946], [7.909346, 47.340963], [7.909252, 47.341354], [7.909202, 47.341558], [7.909179, 47.341654], [7.908938, 47.341735], [7.908827, 47.341772], [7.908651, 47.341831], [7.908594, 47.341908], [7.908387, 47.341858], [7.908338, 47.341846], [7.907813, 47.341721], [7.908155, 47.340968], [7.908159, 47.340956], [7.908164, 47.340945], [7.908168, 47.340933], [7.908172, 47.340921], [7.908177, 47.340909], [7.908181, 47.340898], [7.908185, 47.340886], [7.908189, 47.340874], [7.908193, 47.340862], [7.908196, 47.340851], [7.9082, 47.340839], [7.908204, 47.340827], [7.908207, 47.340815], [7.90821, 47.340803], [7.908214, 47.340791], [7.908217, 47.34078], [7.90822, 47.340768], [7.908223, 47.340756], [7.908226, 47.340744], [7.908228, 47.340732], [7.908231, 47.34072], [7.908233, 47.340709], [7.908236, 47.340697], [7.908238, 47.340686], [7.90824, 47.340674], [7.908242, 47.340662], [7.908244, 47.340651], [7.908246, 47.340639], [7.908247, 47.340628], [7.908249, 47.340616], [7.908251, 47.340604], [7.908252, 47.340593], [7.908254, 47.340581], [7.908255, 47.340569], [7.908256, 47.340558], [7.908257, 47.340546], [7.908258, 47.340534], [7.908259, 47.340523], [7.90826, 47.340511], [7.90826, 47.340499], [7.908261, 47.340488], [7.908261, 47.340476], [7.908262, 47.340464], [7.908262, 47.340452], [7.908263, 47.340442], [7.908264, 47.340431], [7.908264, 47.340421], [7.908265, 47.34041], [7.908265, 47.3404], [7.908265, 47.340389], [7.908266, 47.340379], [7.908266, 47.340368], [7.908266, 47.340358], [7.908266, 47.340347], [7.908265, 47.340337], [7.908265, 47.340326], [7.908265, 47.340316], [7.908264, 47.340305], [7.908264, 47.340295], [7.908263, 47.340284], [7.908262, 47.340274], [7.908261, 47.340263], [7.90826, 47.340253], [7.908259, 47.340242], [7.908258, 47.340232], [7.908256, 47.340221], [7.908255, 47.340211], [7.908254, 47.3402], [7.908252, 47.34019], [7.90825, 47.340179], [7.908248, 47.340169], [7.908247, 47.340159], [7.908245, 47.340148], [7.908242, 47.340138], [7.90824, 47.340127], [7.908238, 47.340117], [7.908235, 47.340107], [7.908233, 47.340096], [7.90823, 47.340086], [7.908228, 47.340075], [7.908225, 47.340065], [7.908222, 47.340055], [7.908219, 47.340045], [7.908216, 47.340035], [7.908213, 47.340024], [7.90821, 47.340014], [7.908206, 47.340004], [7.908203, 47.339994], [7.908199, 47.339984], [7.908196, 47.339974], [7.908192, 47.339964], [7.908188, 47.339954], [7.908184, 47.339944], [7.90818, 47.339934], [7.908176, 47.339925], [7.908172, 47.339915], [7.908168, 47.339905], [7.908163, 47.339895], [7.908159, 47.339885], [7.908154, 47.339875], [7.90815, 47.339865], [7.908145, 47.339856], [7.90814, 47.339846], [7.908135, 47.339836], [7.90813, 47.339826], [7.908125, 47.339817], [7.90812, 47.339807], [7.908115, 47.339797], [7.908109, 47.339788], [7.908104, 47.339778], [7.908098, 47.339769], [7.908093, 47.339759], [7.908087, 47.339749], [7.908081, 47.33974], [7.908075, 47.33973], [7.908069, 47.339721], [7.908063, 47.339712], [7.908057, 47.339702], [7.908051, 47.339693], [7.908044, 47.339683], [7.908038, 47.339674], [7.908031, 47.339665], [7.908024, 47.339653], [7.908016, 47.339642], [7.908009, 47.33963], [7.908001, 47.339619], [7.907993, 47.339608], [7.907985, 47.339596], [7.907977, 47.339585], [7.907969, 47.339574], [7.907961, 47.339563], [7.907953, 47.339551], [7.907944, 47.33954], [7.907936, 47.339529], [7.907927, 47.339518], [7.907919, 47.339507], [7.90791, 47.339496], [7.907901, 47.339485], [7.907892, 47.339474], [7.907883, 47.339463], [7.907874, 47.339452], [7.907865, 47.339441], [7.907856, 47.33943], [7.907846, 47.33942], [7.907837, 47.339409], [7.907827, 47.339398], [7.907818, 47.339388], [7.907808, 47.339377], [7.907798, 47.339366], [7.907788, 47.339356], [7.907778, 47.339345], [7.907768, 47.339335], [7.907758, 47.339324], [7.907748, 47.339314], [7.907307, 47.338877], [7.906915, 47.338585], [7.906631, 47.338374], [7.905657, 47.33773], [7.905305, 47.337487], [7.904517, 47.336936], [7.904096, 47.336595], [7.9037, 47.3362], [7.903417, 47.335895], [7.903193, 47.335645], [7.902607, 47.334993], [7.902158, 47.334473], [7.901766, 47.333974], [7.901443, 47.33356], [7.900887, 47.33287], [7.900722, 47.332664], [7.900465, 47.332394], [7.90003, 47.331889], [7.899641, 47.331419], [7.899308, 47.331016], [7.898908, 47.330513], [7.898756, 47.330305], [7.898503, 47.329946], [7.897911, 47.32898], [7.89773, 47.328753], [7.897235, 47.328236], [7.897074, 47.328025], [7.896918, 47.327783], [7.896856, 47.32766], [7.89673, 47.327346], [7.896647, 47.327116], [7.896558, 47.326785], [7.896494, 47.326455], [7.896369, 47.325497], [7.896331, 47.325324], [7.896217, 47.324971], [7.896119, 47.324532], [7.89608, 47.324209], [7.896086, 47.323928], [7.896139, 47.323613], [7.896215, 47.323268], [7.896261, 47.323088], [7.896311, 47.322914], [7.89642, 47.322603], [7.896463, 47.322476], [7.896588, 47.321914], [7.897176, 47.321525], [7.897899, 47.320645], [7.898016, 47.320338], [7.898061, 47.320255], [7.898118, 47.320137], [7.898156, 47.31999], [7.898102, 47.319826], [7.89791, 47.31963], [7.897769, 47.319522], [7.897636, 47.319439], [7.89746, 47.319355], [7.897332, 47.319316], [7.896886, 47.319187], [7.89638, 47.318862], [7.896114, 47.318759], [7.89596, 47.318685], [7.895631, 47.318462], [7.89543, 47.318326], [7.895253, 47.3182], [7.894965, 47.317967], [7.894315, 47.31738], [7.894137, 47.317229], [7.893925, 47.317066], [7.893751, 47.316942], [7.893602, 47.316847], [7.892893, 47.316465], [7.892582, 47.316278], [7.891756, 47.315744], [7.891247, 47.315345], [7.891102, 47.315207], [7.890701, 47.314736], [7.890348, 47.314081], [7.890253, 47.313793], [7.890084, 47.313209], [7.889931, 47.312679], [7.88983, 47.312328], [7.889258, 47.311626], [7.889105, 47.31149], [7.888668, 47.311269], [7.887932, 47.311147], [7.887754, 47.311118], [7.885852, 47.311038], [7.8857, 47.311031], [7.883826, 47.311028], [7.882913, 47.311195], [7.882019, 47.311359], [7.880749, 47.311524], [7.880733, 47.311526], [7.879463, 47.311718], [7.879026, 47.31176], [7.877539, 47.311869], [7.876754, 47.311924], [7.875904, 47.311943], [7.875435, 47.311925], [7.874897, 47.3119], [7.874874, 47.311899], [7.874851, 47.311898], [7.874828, 47.311896], [7.874806, 47.311895], [7.874783, 47.311893], [7.87476, 47.311892], [7.874738, 47.31189], [7.874715, 47.311888], [7.874693, 47.311887], [7.87467, 47.311885], [7.874647, 47.311883], [7.874625, 47.311881], [7.874602, 47.311879], [7.87458, 47.311877], [7.874557, 47.311874], [7.874534, 47.311872], [7.874512, 47.31187], [7.874489, 47.311867], [7.874467, 47.311865], [7.874444, 47.311862], [7.874422, 47.31186], [7.8744, 47.311857], [7.874377, 47.311854], [7.874355, 47.311851], [7.874332, 47.311849], [7.87431, 47.311846], [7.874288, 47.311843], [7.874265, 47.31184], [7.874243, 47.311837], [7.874221, 47.311833], [7.874198, 47.31183], [7.874176, 47.311827], [7.874154, 47.311823], [7.874132, 47.31182], [7.874109, 47.311816], [7.874087, 47.311813], [7.874065, 47.311809], [7.874043, 47.311805], [7.874021, 47.311802], [7.873999, 47.311798], [7.873977, 47.311794], [7.873955, 47.31179], [7.873933, 47.311786], [7.873911, 47.311782], [7.873889, 47.311778], [7.873867, 47.311773], [7.873845, 47.311769], [7.873823, 47.311765], [7.873801, 47.31176], [7.87378, 47.311756], [7.873764, 47.311753], [7.873749, 47.311751], [7.873734, 47.311748], [7.873719, 47.311745], [7.873705, 47.311742], [7.87369, 47.31174], [7.873675, 47.311737], [7.87366, 47.311733], [7.873645, 47.31173], [7.87363, 47.311727], [7.873615, 47.311724], [7.873601, 47.311721], [7.873586, 47.311717], [7.873571, 47.311714], [7.873557, 47.31171], [7.873542, 47.311707], [7.873527, 47.311703], [7.873513, 47.311699], [7.873498, 47.311696], [7.873484, 47.311692], [7.87347, 47.311688], [7.873455, 47.311684], [7.873441, 47.31168], [7.873426, 47.311676], [7.873412, 47.311672], [7.873398, 47.311667], [7.873384, 47.311663], [7.87337, 47.311659], [7.873356, 47.311654], [7.873342, 47.31165], [7.873328, 47.311645], [7.873314, 47.311641], [7.8733, 47.311636], [7.873286, 47.311631], [7.873272, 47.311626], [7.873258, 47.311621], [7.873244, 47.311616], [7.873231, 47.311611], [7.873217, 47.311606], [7.873204, 47.311601], [7.87319, 47.311596], [7.873177, 47.311591], [7.873163, 47.311586], [7.87315, 47.31158], [7.873137, 47.311575], [7.873123, 47.311569], [7.87311, 47.311564], [7.873097, 47.311558], [7.873084, 47.311552], [7.873071, 47.311547], [7.873058, 47.311541], [7.873045, 47.311535], [7.873025, 47.311526], [7.873005, 47.311518], [7.872986, 47.311509], [7.872966, 47.3115], [7.872946, 47.311491], [7.872927, 47.311483], [7.872907, 47.311474], [7.872888, 47.311465], [7.872869, 47.311456], [7.872849, 47.311446], [7.87283, 47.311437], [7.872811, 47.311428], [7.872792, 47.311419], [7.872773, 47.311409], [7.872754, 47.3114], [7.872735, 47.31139], [7.872716, 47.311381], [7.872697, 47.311371], [7.872678, 47.311362], [7.87266, 47.311352], [7.872641, 47.311342], [7.872623, 47.311332], [7.872604, 47.311323], [7.872586, 47.311313], [7.872567, 47.311303], [7.872549, 47.311293], [7.872531, 47.311282], [7.872513, 47.311272], [7.872495, 47.311262], [7.872477, 47.311252], [7.872459, 47.311242], [7.872441, 47.311231], [7.872423, 47.311221], [7.872405, 47.31121], [7.870952, 47.310357], [7.869338, 47.309368], [7.868861, 47.309147], [7.867607, 47.308612], [7.867589, 47.308604], [7.86757, 47.308596], [7.867551, 47.308588], [7.867532, 47.30858], [7.867513, 47.308573], [7.867494, 47.308565], [7.867474, 47.308557], [7.867455, 47.30855], [7.867436, 47.308542], [7.867417, 47.308535], [7.867397, 47.308527], [7.867378, 47.30852], [7.867358, 47.308513], [7.867339, 47.308506], [7.867319, 47.308499], [7.8673, 47.308492], [7.86728, 47.308484], [7.86726, 47.308478], [7.867241, 47.308471], [7.867221, 47.308464], [7.867201, 47.308457], [7.867181, 47.30845], [7.867161, 47.308444], [7.867141, 47.308437], [7.867121, 47.308431], [7.867101, 47.308424], [7.867081, 47.308418], [7.867061, 47.308411], [7.867041, 47.308405], [7.867021, 47.308399], [7.867, 47.308393], [7.86698, 47.308386], [7.86696, 47.30838], [7.866939, 47.308374], [7.866919, 47.308369], [7.866899, 47.308363], [7.866878, 47.308357], [7.866858, 47.308351], [7.866837, 47.308345], [7.866816, 47.30834], [7.866796, 47.308334], [7.866775, 47.308329], [7.866754, 47.308323], [7.866734, 47.308318], [7.866713, 47.308313], [7.866692, 47.308308], [7.866671, 47.308302], [7.86665, 47.308297], [7.866629, 47.308292], [7.866608, 47.308287], [7.866587, 47.308282], [7.866566, 47.308278], [7.866545, 47.308273], [7.866524, 47.308268], [7.866503, 47.308263], [7.866482, 47.308259], [7.866461, 47.308254], [7.86644, 47.30825], [7.865731, 47.308093], [7.864863, 47.307897], [7.86434, 47.307761], [7.864318, 47.307756], [7.864297, 47.30775], [7.864275, 47.307744], [7.864254, 47.307738], [7.864232, 47.307732], [7.864211, 47.307726], [7.86419, 47.30772], [7.864168, 47.307714], [7.864147, 47.307708], [7.864126, 47.307702], [7.864105, 47.307696], [7.864083, 47.307689], [7.864062, 47.307683], [7.864041, 47.307677], [7.86402, 47.30767], [7.863999, 47.307663], [7.863978, 47.307657], [7.863957, 47.30765], [7.863936, 47.307643], [7.863916, 47.307636], [7.863895, 47.30763], [7.863874, 47.307623], [7.863853, 47.307616], [7.863833, 47.307609], [7.863812, 47.307601], [7.863792, 47.307594], [7.863771, 47.307587], [7.863751, 47.30758], [7.86373, 47.307572], [7.86371, 47.307565], [7.86369, 47.307557], [7.863669, 47.30755], [7.863649, 47.307542], [7.863629, 47.307534], [7.863609, 47.307527], [7.863589, 47.307519], [7.863569, 47.307511], [7.863549, 47.307503], [7.863529, 47.307495], [7.863509, 47.307487], [7.863489, 47.307479], [7.86347, 47.307471], [7.86345, 47.307463], [7.86343, 47.307454], [7.863411, 47.307446], [7.863391, 47.307438], [7.863372, 47.307429], [7.863352, 47.307421], [7.863333, 47.307412], [7.863313, 47.307403], [7.862828, 47.307181], [7.862259, 47.306867], [7.862079, 47.306757], [7.861622, 47.306475], [7.861599, 47.306461], [7.861577, 47.306447], [7.861555, 47.306433], [7.861533, 47.306419], [7.861511, 47.306405], [7.86149, 47.30639], [7.861468, 47.306376], [7.861446, 47.306362], [7.861424, 47.306347], [7.861403, 47.306333], [7.861381, 47.306318], [7.86136, 47.306304], [7.861339, 47.306289], [7.861317, 47.306275], [7.861296, 47.30626], [7.861275, 47.306245], [7.861254, 47.30623], [7.861233, 47.306216], [7.861212, 47.306201], [7.861191, 47.306186], [7.86117, 47.306171], [7.86115, 47.306156], [7.861129, 47.306141], [7.861109, 47.306126], [7.861088, 47.306111], [7.861068, 47.306095], [7.861047, 47.30608], [7.861027, 47.306065], [7.861007, 47.30605], [7.860987, 47.306034], [7.860967, 47.306019], [7.860947, 47.306003], [7.860927, 47.305988], [7.860907, 47.305972], [7.860887, 47.305957], [7.860868, 47.305941], [7.860848, 47.305925], [7.860828, 47.30591], [7.860809, 47.305894], [7.86079, 47.305878], [7.86077, 47.305862], [7.860751, 47.305846], [7.860732, 47.305831], [7.860713, 47.305815], [7.860694, 47.305799], [7.860675, 47.305782], [7.860656, 47.305766], [7.860637, 47.30575], [7.860619, 47.305734], [7.8606, 47.305718], [7.860589, 47.305708], [7.860579, 47.305698], [7.860568, 47.305688], [7.860558, 47.305678], [7.860547, 47.305668], [7.860537, 47.305658], [7.860527, 47.305648], [7.860516, 47.305638], [7.860506, 47.305628], [7.860496, 47.305618], [7.860486, 47.305608], [7.860476, 47.305598], [7.860467, 47.305587], [7.860457, 47.305577], [7.860447, 47.305567], [7.860438, 47.305556], [7.860428, 47.305546], [7.860419, 47.305536], [7.86041, 47.305525], [7.8604, 47.305515], [7.860391, 47.305504], [7.860382, 47.305494], [7.860373, 47.305483], [7.860364, 47.305472], [7.860356, 47.305462], [7.860347, 47.305451], [7.860338, 47.30544], [7.86033, 47.305429], [7.860321, 47.305419], [7.860313, 47.305408], [7.860305, 47.305397], [7.860297, 47.305386], [7.860288, 47.305375], [7.86028, 47.305364], [7.860273, 47.305353], [7.860265, 47.305342], [7.860123, 47.305146], [7.85988, 47.304755], [7.859659, 47.304322], [7.859505, 47.303957], [7.859208, 47.302954], [7.858972, 47.302086], [7.858951, 47.301993], [7.858669, 47.301298], [7.858489, 47.300918], [7.85831, 47.300593], [7.858194, 47.300405], [7.857834, 47.299862], [7.857529, 47.29945], [7.857512, 47.299428], [7.85704, 47.29886], [7.856177, 47.297913], [7.855973, 47.29764], [7.855499, 47.296972], [7.855147, 47.296412], [7.854733, 47.295745], [7.854516, 47.29527], [7.854499, 47.295224], [7.854397, 47.294881], [7.853872, 47.29326], [7.85367, 47.292774], [7.852865, 47.291491], [7.852449, 47.290908], [7.851919, 47.290306], [7.851611, 47.289993], [7.851565, 47.289944], [7.850934, 47.289413], [7.849552, 47.288374], [7.848772, 47.287608], [7.84827, 47.286918], [7.848102, 47.28638], [7.847906, 47.285603], [7.84754, 47.285029], [7.846802, 47.284129], [7.846569, 47.283818], [7.845802, 47.283043], [7.845302, 47.282751], [7.844791, 47.282017], [7.844554, 47.281259], [7.844373, 47.280459], [7.844405, 47.279694], [7.844317, 47.278875], [7.844304, 47.278816], [7.844207, 47.278381], [7.844152, 47.277911], [7.844044, 47.277586], [7.843832, 47.277032], [7.843593, 47.276579], [7.842964, 47.275813], [7.842409, 47.27519], [7.841812, 47.274472], [7.841364, 47.274104], [7.8408, 47.273671], [7.840499, 47.273407], [7.8396, 47.272744], [7.83893, 47.27221], [7.838402, 47.271824], [7.837811, 47.2715], [7.837189, 47.271019], [7.836783, 47.270701], [7.836298, 47.270304], [7.835671, 47.269734], [7.835042, 47.269294], [7.834677, 47.268969], [7.834453, 47.268808], [7.834213, 47.268636], [7.83399, 47.268454], [7.833516, 47.268119], [7.833181, 47.267878], [7.832861, 47.267737], [7.832476, 47.26761], [7.831897, 47.267413], [7.831688, 47.267342], [7.831074, 47.267166], [7.830616, 47.266997], [7.830471, 47.266946], [7.829839, 47.266746], [7.829267, 47.266587], [7.828715, 47.266512], [7.828139, 47.266433], [7.82759, 47.266358], [7.826417, 47.266089], [7.82566, 47.26579], [7.825113, 47.265574], [7.823633, 47.264871], [7.820689, 47.263683], [7.820038, 47.263421], [7.81935, 47.262767], [7.818195, 47.262146], [7.816648, 47.261673], [7.814776, 47.261312], [7.809244, 47.262632], [7.808164, 47.26289], [7.807047, 47.263256], [7.806307, 47.26382], [7.805512, 47.264836], [7.805355, 47.265037], [7.80519, 47.265843], [7.805406, 47.26761], [7.805252, 47.268015], [7.804584, 47.268404], [7.803524, 47.268457], [7.80283, 47.26841], [7.802154, 47.268276], [7.800679, 47.267777], [7.800206, 47.267568], [7.799302, 47.267017], [7.798028, 47.26608], [7.797056, 47.265064], [7.795686, 47.263566], [7.793784, 47.261485], [7.792558, 47.260656], [7.791469, 47.260054], [7.790126, 47.259311], [7.787686, 47.257921], [7.786681, 47.256726], [7.786153, 47.2561], [7.785728, 47.256404], [7.785518, 47.256554], [7.784527, 47.257266], [7.784438, 47.257308], [7.784395, 47.257329], [7.783461, 47.257773], [7.782941, 47.258019], [7.782776, 47.258096], [7.782634, 47.258164], [7.782417, 47.258266], [7.781996, 47.258465], [7.781682, 47.258613], [7.781571, 47.258665], [7.781213, 47.258835], [7.781178, 47.258851], [7.776015, 47.261343], [7.775812, 47.261441], [7.775518, 47.263996], [7.775515, 47.264022], [7.77545, 47.26464], [7.775336, 47.265695], [7.77531, 47.265941], [7.775132, 47.266432], [7.775005, 47.266783], [7.774996, 47.266805], [7.774994, 47.266811], [7.774971, 47.266871], [7.774607, 47.267871], [7.773533, 47.267733], [7.770832, 47.267396], [7.770669, 47.267378], [7.770197, 47.267327], [7.769886, 47.267293], [7.769428, 47.267244], [7.768601, 47.267144], [7.767201, 47.266976], [7.767166, 47.266972], [7.766535, 47.266895], [7.766104, 47.266842], [7.765291, 47.266744], [7.764842, 47.266689], [7.764591, 47.26644], [7.764344, 47.266195], [7.764085, 47.265938], [7.763832, 47.265687], [7.763512, 47.265369], [7.762982, 47.264842], [7.762214, 47.26408], [7.762185, 47.264052], [7.762182, 47.264048], [7.760689, 47.262568], [7.759771, 47.261251], [7.759557, 47.260943], [7.75925, 47.260253], [7.759087, 47.259887], [7.758817, 47.259262], [7.758801, 47.259224], [7.758755, 47.259198], [7.758385, 47.258987], [7.758333, 47.258957], [7.758093, 47.25882], [7.757138, 47.258276], [7.757035, 47.258217], [7.756825, 47.258097], [7.756703, 47.258216], [7.756024, 47.258237], [7.755359, 47.258354], [7.754351, 47.258541], [7.753217, 47.258755], [7.752241, 47.258784], [7.751653, 47.258743], [7.751062, 47.258777], [7.750605, 47.258773], [7.75009, 47.2588], [7.749294, 47.258765], [7.748321, 47.258419], [7.747499, 47.258128], [7.746784, 47.257856], [7.746516, 47.257781], [7.7461, 47.257621], [7.745152, 47.257243], [7.744668, 47.257025], [7.743902, 47.257234], [7.742857, 47.257519], [7.741906, 47.258022], [7.741244, 47.25837], [7.740522, 47.258749], [7.739899, 47.259076], [7.739162, 47.259462], [7.738739, 47.259683], [7.738322, 47.259902], [7.737528, 47.259787], [7.736485, 47.259682], [7.735698, 47.259568], [7.73486, 47.259446], [7.734362, 47.259315], [7.733885, 47.259254], [7.733418, 47.259211], [7.732673, 47.259115], [7.732293, 47.259443], [7.731796, 47.259954], [7.731512, 47.260207], [7.731342, 47.260404], [7.731108, 47.260596], [7.730948, 47.260773], [7.730721, 47.260989], [7.730433, 47.261226], [7.729908, 47.261705], [7.72938, 47.262206], [7.729286, 47.262342], [7.728667, 47.262884], [7.728355, 47.26322], [7.727805, 47.263665], [7.727285, 47.26414], [7.726695, 47.264681], [7.726442, 47.26488], [7.726371, 47.26494], [7.726112, 47.265162], [7.725858, 47.265347], [7.725293, 47.265829], [7.72505, 47.266009], [7.724829, 47.266243], [7.724646, 47.266502], [7.724502, 47.266931], [7.724418, 47.26722], [7.724272, 47.267712], [7.724267, 47.267856], [7.724313, 47.267903], [7.724345, 47.267955], [7.724354, 47.267991], [7.724379, 47.268097], [7.72443, 47.268182], [7.724795, 47.26863], [7.725211, 47.269124], [7.72517, 47.26914], [7.725202, 47.26923], [7.725142, 47.269313], [7.723871, 47.270283], [7.722815, 47.271088], [7.72176, 47.271891], [7.721295, 47.272242], [7.7208, 47.272617], [7.720611, 47.272764], [7.719718, 47.273451], [7.719545, 47.273583], [7.718792, 47.274155], [7.717518, 47.275122], [7.717056, 47.27523], [7.715767, 47.276284], [7.715737, 47.276308], [7.715651, 47.276379], [7.715621, 47.276404], [7.7149, 47.275766], [7.714532, 47.275441], [7.714251, 47.275191], [7.714078, 47.275038], [7.713859, 47.274844], [7.713512, 47.274537], [7.712713, 47.27383], [7.712551, 47.273728], [7.71234, 47.27377], [7.711268, 47.274438], [7.71092, 47.274654], [7.709606, 47.27548], [7.709431, 47.27559], [7.709445, 47.275591], [7.709578, 47.2756], [7.710463, 47.276376], [7.709192, 47.277172], [7.709588, 47.277465], [7.709928, 47.277716], [7.708435, 47.278652], [7.708641, 47.27891], [7.708508, 47.278959], [7.708789, 47.279311], [7.7088, 47.279323], [7.70881, 47.279336], [7.70882, 47.279348], [7.708831, 47.27936], [7.708842, 47.279373], [7.708852, 47.279385], [7.708862, 47.279396], [7.708873, 47.279408], [7.708883, 47.27942], [7.708893, 47.279432], [7.708904, 47.279443], [7.708914, 47.279455], [7.708592, 47.279716], [7.708338, 47.279923], [7.708041, 47.280165], [7.707857, 47.280314], [7.707398, 47.280687], [7.70732, 47.280751], [7.707017, 47.280997], [7.706584, 47.281348], [7.706548, 47.281368], [7.706173, 47.281037], [7.70598, 47.280858], [7.705791, 47.280679], [7.70557, 47.280464], [7.705321, 47.280708], [7.705282, 47.280745], [7.70521, 47.280816], [7.704674, 47.281341], [7.70462, 47.281395], [7.704507, 47.28151], [7.70386, 47.282146], [7.703624, 47.282378], [7.703281, 47.282715], [7.70324, 47.282755], [7.70297, 47.28302], [7.703171, 47.283191], [7.703435, 47.283411], [7.703873, 47.283733], [7.70391, 47.283761], [7.703826, 47.283844], [7.703803, 47.283868], [7.703525, 47.284136], [7.703251, 47.284405], [7.70324, 47.284415], [7.702973, 47.284692], [7.702864, 47.284772], [7.702697, 47.284895], [7.702641, 47.284937], [7.702456, 47.285072], [7.702153, 47.285294], [7.701845, 47.28552], [7.701256, 47.286133], [7.700856, 47.286548], [7.700436, 47.286388], [7.700046, 47.286295], [7.699814, 47.286441], [7.699457, 47.286276], [7.697694, 47.287217], [7.696799, 47.287532], [7.695673, 47.287927], [7.694863, 47.288211], [7.69354, 47.288687], [7.693317, 47.288765], [7.691728, 47.28932], [7.690149, 47.289881], [7.688564, 47.290448], [7.688431, 47.290955], [7.688006, 47.290952], [7.687915, 47.29121], [7.68719, 47.291271], [7.686409, 47.292023], [7.685855, 47.292582], [7.685496, 47.293048], [7.684967, 47.293495], [7.684775, 47.293994], [7.683892, 47.29355], [7.682904, 47.293115], [7.682312, 47.292553], [7.681665, 47.291723], [7.681093, 47.291149], [7.680738, 47.290939], [7.680178, 47.290554], [7.679824, 47.290125], [7.678947, 47.28987], [7.678367, 47.289644], [7.677869, 47.289405], [7.677184, 47.289114], [7.676764, 47.289014], [7.676105, 47.288961], [7.675546, 47.288769], [7.674789, 47.288494], [7.674003, 47.288303], [7.673361, 47.288308], [7.672809, 47.288304], [7.672072, 47.288077], [7.671532, 47.287855], [7.670981, 47.287573], [7.670524, 47.287573], [7.669788, 47.288191], [7.669534, 47.288469], [7.669395, 47.288606], [7.66879, 47.288781], [7.66839, 47.288625], [7.668113, 47.288524], [7.667825, 47.288368], [7.667492, 47.288249], [7.667206, 47.288135], [7.666966, 47.28809], [7.666216, 47.287662], [7.664533, 47.287313], [7.663219, 47.287159], [7.662826, 47.287116], [7.661078, 47.286709], [7.660857, 47.28666], [7.66051, 47.286654], [7.660086, 47.286418], [7.659344, 47.28607], [7.658825, 47.285893], [7.658862, 47.285707], [7.658187, 47.285466], [7.657992, 47.285145], [7.657327, 47.284952], [7.656702, 47.284629], [7.656307, 47.28459], [7.655586, 47.284283], [7.654957, 47.283988], [7.654345, 47.283751], [7.653997, 47.283643], [7.653669, 47.283622], [7.653232, 47.28356], [7.652944, 47.283426], [7.652396, 47.283272], [7.65199, 47.283144], [7.651278, 47.282898], [7.651188, 47.282867], [7.650916, 47.282711], [7.65025, 47.282554], [7.649603, 47.282323], [7.649508, 47.282301], [7.648962, 47.282147], [7.64828, 47.281992], [7.64784, 47.281977], [7.647079, 47.281955], [7.64646, 47.281918], [7.645842, 47.281897], [7.645328, 47.281849], [7.644473, 47.281861], [7.643599, 47.281896], [7.642824, 47.281857], [7.642317, 47.281841], [7.641683, 47.28175], [7.641236, 47.281748], [7.6409, 47.281779], [7.64047, 47.281767], [7.639787, 47.281767], [7.639395, 47.281796], [7.638868, 47.281818], [7.638369, 47.281836], [7.6379, 47.281872], [7.637331, 47.281839], [7.636794, 47.281848], [7.636125, 47.281852], [7.635512, 47.281793], [7.635058, 47.281767], [7.634594, 47.281802], [7.634, 47.281733], [7.633258, 47.281673], [7.632641, 47.281679], [7.6321, 47.281582], [7.631175, 47.281526], [7.630723, 47.281556], [7.630147, 47.281531], [7.629415, 47.28155], [7.628825, 47.28166], [7.628298, 47.281726], [7.627576, 47.281556], [7.626906, 47.281622], [7.626294, 47.28154], [7.62591, 47.281594], [7.625287, 47.281631], [7.624693, 47.281631], [7.624143, 47.281589], [7.62346, 47.28156], [7.622852, 47.281565], [7.621827, 47.281559], [7.621342, 47.281611], [7.620564, 47.281523], [7.620129, 47.281585], [7.619827, 47.281471], [7.619323, 47.281497], [7.618587, 47.281333], [7.616322, 47.281254], [7.614209, 47.281154], [7.613261, 47.281036], [7.613046, 47.280997], [7.61247, 47.280892], [7.607109, 47.2802], [7.600486, 47.279346], [7.594898, 47.278496], [7.59098, 47.277917], [7.589336, 47.277674], [7.587369, 47.277394], [7.584709, 47.277013], [7.580111, 47.276351], [7.582248, 47.274314], [7.584373, 47.272207], [7.585195, 47.271401], [7.586527, 47.270096], [7.586928, 47.269703], [7.587581, 47.269364], [7.588337, 47.268977], [7.59057, 47.267831], [7.591625, 47.26729], [7.593703, 47.266223], [7.593885, 47.265865], [7.59466, 47.264355], [7.594908, 47.263753], [7.595432, 47.262468], [7.595481, 47.262347], [7.59576, 47.261671], [7.59582, 47.261524], [7.595954, 47.26121], [7.596109, 47.260815], [7.596135, 47.260747], [7.596188, 47.26053], [7.596284, 47.260121], [7.596494, 47.259294], [7.59658, 47.258927], [7.596698, 47.258466], [7.596814, 47.25797], [7.596882, 47.257687], [7.596942, 47.257444], [7.597, 47.257208], [7.597204, 47.256385], [7.597293, 47.255912], [7.597553, 47.25484], [7.59764, 47.25448], [7.597728, 47.254136], [7.59749, 47.252953], [7.597296, 47.25199], [7.597009, 47.250693], [7.597005, 47.250675], [7.596929, 47.250272], [7.596925, 47.250245], [7.596864, 47.249929], [7.596835, 47.249795], [7.596734, 47.249308], [7.596728, 47.24928], [7.596593, 47.248647], [7.596332, 47.247406], [7.596257, 47.247051], [7.596256, 47.247046], [7.596246, 47.247], [7.596075, 47.246203], [7.59606, 47.246131], [7.596052, 47.246096], [7.595985, 47.24578], [7.595944, 47.245572], [7.596796, 47.245182], [7.597178, 47.245], [7.597273, 47.244904], [7.59741, 47.244823], [7.597764, 47.245371], [7.598388, 47.245203], [7.598775, 47.245208], [7.59892, 47.245123], [7.599241, 47.244918], [7.599624, 47.244754], [7.599692, 47.244753], [7.599556, 47.244671], [7.599506, 47.244642], [7.600407, 47.243826], [7.600413, 47.24382], [7.600612, 47.243653], [7.600759, 47.243524], [7.600788, 47.243499], [7.601016, 47.243301], [7.601101, 47.243222], [7.601106, 47.243217], [7.601364, 47.242992], [7.601437, 47.242929], [7.601408, 47.24289], [7.60122, 47.242776], [7.601293, 47.242721], [7.601478, 47.242611], [7.601493, 47.242603], [7.601954, 47.242317], [7.602392, 47.242101], [7.602408, 47.242092], [7.602415, 47.242088], [7.602595, 47.24215], [7.602964, 47.242277], [7.603045, 47.242236], [7.603168, 47.242177], [7.603571, 47.242282], [7.603834, 47.242366], [7.604076, 47.242528], [7.604386, 47.242646], [7.604547, 47.242669], [7.60459, 47.242675], [7.60465, 47.242588], [7.604717, 47.242281], [7.604898, 47.242069], [7.605122, 47.241961], [7.605472, 47.241848], [7.605511, 47.241603], [7.605519, 47.241553], [7.605601, 47.241197], [7.605575, 47.241153], [7.605463, 47.241133], [7.605197, 47.241085], [7.60518, 47.240656], [7.60511, 47.240317], [7.605165, 47.240223], [7.605223, 47.240122], [7.605388, 47.239836], [7.60592, 47.23945], [7.60639, 47.239052], [7.607443, 47.239186], [7.608138, 47.239274], [7.608181, 47.239279], [7.608263, 47.239289], [7.608336, 47.239428], [7.608389, 47.239476], [7.60866, 47.239493], [7.60951, 47.239547], [7.609483, 47.239401], [7.609406, 47.239264], [7.609293, 47.23916], [7.609096, 47.239047], [7.609036, 47.238987], [7.609004, 47.238918], [7.608986, 47.23878], [7.609004, 47.238672], [7.609116, 47.238456], [7.609185, 47.238313], [7.609265, 47.238215], [7.609426, 47.238183], [7.610025, 47.238137], [7.610204, 47.238139], [7.61038, 47.238162], [7.610933, 47.238255], [7.612766, 47.237187], [7.61397, 47.236503], [7.614071, 47.236153], [7.61412, 47.235982], [7.614141, 47.235919], [7.61415, 47.235893], [7.6143, 47.235443], [7.614397, 47.235083], [7.614458, 47.234892], [7.61489, 47.234211], [7.615023, 47.2342], [7.61504, 47.234198], [7.61529, 47.234173], [7.61566, 47.23412], [7.616701, 47.233959], [7.616953, 47.233895], [7.617048, 47.233867], [7.617069, 47.233823], [7.617038, 47.233648], [7.616804, 47.233418], [7.616538, 47.233106], [7.616418, 47.232893], [7.616479, 47.232797], [7.616551, 47.23273], [7.61663, 47.232673], [7.617561, 47.231987], [7.617893, 47.231744], [7.618325, 47.231425], [7.618381, 47.231257], [7.618416, 47.231153], [7.618535, 47.230795], [7.618653, 47.230443], [7.61877, 47.23009], [7.619115, 47.229053], [7.619738, 47.229], [7.620774, 47.228929], [7.620985, 47.228918], [7.621093, 47.228913], [7.621499, 47.228893], [7.621803, 47.228916], [7.622144, 47.228942], [7.62288, 47.229063], [7.62298, 47.229111], [7.623519, 47.229364], [7.623551, 47.229334], [7.623595, 47.229284], [7.623845, 47.228998], [7.623884, 47.228955], [7.624231, 47.228561], [7.624901, 47.227787], [7.624921, 47.227763], [7.625554, 47.22704], [7.626185, 47.226317], [7.627012, 47.2268], [7.627686, 47.227196], [7.628067, 47.22742], [7.628787, 47.227843], [7.629518, 47.228271], [7.629539, 47.228247], [7.630205, 47.227485], [7.630874, 47.226721], [7.630895, 47.226696], [7.631911, 47.227344], [7.632929, 47.227993], [7.633942, 47.228637], [7.633978, 47.228637], [7.634013, 47.228637], [7.634553, 47.228023], [7.635096, 47.227402], [7.635183, 47.227356], [7.635265, 47.227262], [7.635288, 47.227235], [7.635798, 47.227505], [7.635819, 47.227516], [7.635918, 47.227568], [7.636627, 47.227927], [7.637304, 47.228258], [7.637583, 47.228396], [7.637816, 47.228509], [7.638877, 47.229029], [7.639457, 47.22931], [7.639904, 47.229528], [7.640483, 47.229808], [7.640561, 47.229797], [7.641396, 47.228759], [7.642192, 47.227768], [7.64229, 47.227646], [7.643089, 47.226652], [7.64313, 47.226599], [7.643855, 47.225698], [7.643906, 47.225634], [7.643815, 47.225594], [7.643906, 47.225497], [7.64395, 47.225448], [7.64297, 47.225024], [7.641938, 47.224578], [7.641283, 47.224294], [7.640278, 47.22386], [7.639678, 47.223602], [7.639258, 47.223422], [7.639183, 47.223388], [7.639867, 47.222504], [7.640371, 47.221862], [7.640389, 47.221839], [7.640843, 47.221284], [7.640924, 47.221201], [7.641049, 47.221133], [7.64235, 47.220874], [7.643631, 47.220635], [7.644712, 47.220451], [7.644756, 47.22046], [7.645029, 47.220165], [7.645433, 47.220096], [7.645485, 47.220087], [7.645391, 47.219663], [7.645507, 47.219409], [7.645719, 47.219425], [7.646162, 47.219457], [7.646282, 47.219465], [7.646903, 47.219476], [7.647554, 47.219469], [7.648076, 47.219301], [7.648472, 47.218955], [7.648443, 47.218899], [7.648423, 47.21886], [7.648244, 47.218789], [7.647508, 47.218344], [7.646856, 47.217818], [7.646655, 47.217578], [7.646491, 47.217202], [7.646466, 47.217135], [7.646215, 47.216482], [7.646006, 47.215971], [7.645989, 47.215769], [7.645958, 47.215379], [7.645948, 47.215022], [7.64606, 47.214712], [7.646486, 47.214357], [7.646909, 47.213943], [7.646913, 47.213938], [7.647211, 47.21352], [7.647368, 47.213233], [7.647413, 47.213152], [7.647651, 47.212678], [7.648013, 47.211925], [7.648144, 47.211469], [7.648311, 47.211221], [7.648629, 47.210972], [7.648642, 47.210959], [7.648669, 47.210932], [7.649046, 47.21055], [7.649063, 47.210533], [7.649088, 47.210507], [7.649618, 47.209972], [7.649681, 47.209847], [7.64971, 47.209789], [7.650105, 47.208999], [7.650212, 47.208786], [7.650317, 47.208575], [7.65053, 47.208149], [7.65058, 47.208048], [7.650633, 47.207942], [7.65078, 47.207647], [7.650928, 47.207335], [7.651067, 47.207043], [7.651227, 47.206706], [7.651182, 47.206641], [7.651155, 47.206602], [7.650376, 47.205467], [7.650361, 47.205444], [7.650337, 47.20541], [7.649868, 47.204726], [7.649438, 47.204102], [7.649219, 47.203871], [7.64917, 47.203819], [7.648649, 47.203275], [7.64851, 47.203129], [7.648036, 47.202632], [7.647867, 47.202454], [7.647831, 47.202417], [7.647231, 47.201785], [7.648234, 47.201708], [7.649022, 47.201649], [7.649237, 47.201633], [7.650195, 47.201563], [7.651214, 47.201488], [7.652227, 47.20141], [7.653202, 47.201335], [7.654129, 47.201267], [7.655205, 47.201187], [7.655253, 47.201178], [7.656378, 47.200969], [7.656579, 47.20093], [7.657824, 47.200694], [7.658539, 47.200731], [7.658804, 47.200744], [7.659413, 47.200776], [7.66059, 47.200837], [7.660917, 47.200861], [7.660949, 47.200863], [7.661552, 47.200906], [7.661637, 47.200912], [7.662335, 47.200962], [7.662336, 47.200954], [7.662364, 47.199806], [7.662365, 47.199762], [7.662408, 47.199638], [7.662414, 47.199619], [7.6627, 47.19879], [7.662745, 47.198657], [7.662891, 47.19854], [7.664057, 47.197608], [7.664064, 47.197602], [7.664191, 47.197501], [7.66431, 47.197527], [7.664898, 47.197622], [7.665101, 47.197681], [7.665286, 47.197763], [7.665449, 47.197864], [7.665706, 47.19805], [7.665771, 47.198064], [7.665819, 47.198032], [7.666077, 47.197386], [7.666328, 47.196756], [7.666673, 47.195892], [7.666661, 47.195832], [7.666584, 47.1958], [7.666839, 47.195823], [7.666982, 47.195837], [7.668532, 47.19598], [7.668537, 47.195952], [7.668578, 47.195732], [7.66895, 47.194639], [7.668983, 47.194579], [7.668969, 47.194561], [7.668948, 47.194534], [7.669134, 47.194103], [7.6698, 47.194369], [7.670486, 47.19457], [7.671496, 47.194959], [7.671533, 47.194974], [7.671706, 47.194523], [7.671725, 47.194473], [7.671757, 47.194338], [7.671646, 47.194022], [7.671504, 47.193609], [7.671296, 47.193002], [7.672027, 47.19255], [7.672937, 47.191998], [7.673452, 47.191661], [7.674121, 47.191231], [7.674635, 47.190901], [7.674537, 47.19034], [7.674348, 47.189574], [7.674171, 47.188975], [7.673757, 47.188019], [7.673739, 47.18798], [7.673707, 47.18791], [7.673465, 47.187775], [7.673207, 47.187631], [7.673191, 47.187622], [7.672573, 47.187278], [7.672463, 47.187217], [7.672078, 47.187002], [7.671623, 47.186729], [7.671493, 47.186255], [7.671407, 47.185933], [7.671398, 47.185901], [7.671343, 47.185698], [7.671243, 47.185297], [7.671162, 47.184911], [7.671111, 47.184543], [7.671106, 47.184524], [7.671204, 47.184439], [7.671284, 47.184365], [7.671869, 47.183832], [7.672388, 47.183358], [7.672444, 47.183363], [7.672896, 47.183926], [7.673134, 47.184195], [7.673253, 47.184368], [7.673288, 47.184355], [7.674427, 47.184227], [7.674805, 47.184005], [7.675679, 47.183711], [7.674891, 47.183151], [7.674924, 47.183132], [7.675013, 47.183151], [7.675285, 47.183105], [7.676495, 47.182904], [7.67781, 47.182685], [7.677845, 47.182642], [7.677595, 47.182201], [7.677982, 47.181972], [7.67799, 47.181942], [7.677994, 47.181928], [7.677789, 47.181925], [7.677588, 47.181912], [7.677597, 47.181847], [7.677577, 47.181834], [7.677526, 47.181802], [7.677468, 47.1815], [7.677433, 47.181319], [7.676931, 47.178707], [7.676844, 47.178245], [7.676759, 47.177807], [7.676716, 47.177805], [7.676631, 47.177523], [7.676492, 47.176833], [7.676177, 47.176135], [7.676048, 47.175948], [7.675906, 47.175783], [7.675948, 47.175764], [7.675784, 47.175614], [7.6754, 47.175328], [7.675094, 47.175123], [7.67477, 47.174933], [7.67378, 47.174412], [7.673779, 47.174394], [7.673779, 47.17438], [7.673852, 47.174327], [7.673892, 47.174305], [7.673843, 47.174235], [7.67381, 47.174218], [7.673768, 47.173958], [7.67373, 47.173722], [7.673647, 47.17321], [7.673507, 47.172347], [7.673021, 47.169352], [7.672941, 47.168858], [7.672935, 47.16881], [7.672866, 47.168397], [7.672715, 47.168396], [7.672508, 47.168395], [7.672243, 47.168393], [7.666016, 47.168372], [7.666067, 47.16823], [7.665656, 47.16818], [7.665642, 47.168372], [7.665292, 47.168898], [7.664909, 47.168766], [7.664816, 47.168734], [7.664554, 47.168643], [7.664266, 47.168544], [7.663736, 47.16836], [7.663384, 47.168281], [7.663234, 47.168248], [7.663035, 47.168203], [7.663, 47.168195], [7.662945, 47.16818], [7.662686, 47.16811], [7.662428, 47.168041], [7.662303, 47.168007], [7.662178, 47.167974], [7.662028, 47.167933], [7.661933, 47.167908], [7.661802, 47.167873], [7.661535, 47.1678], [7.661454, 47.167779], [7.661373, 47.167757], [7.661319, 47.167742], [7.661056, 47.167672], [7.661014, 47.167659], [7.660935, 47.167735], [7.660913, 47.167752], [7.660086, 47.168405], [7.658783, 47.167247], [7.658755, 47.167222], [7.657782, 47.166358], [7.656812, 47.165497], [7.656783, 47.165471], [7.655552, 47.164371], [7.654322, 47.163269], [7.654197, 47.163196], [7.653398, 47.162722], [7.65286, 47.162404], [7.652501, 47.162192], [7.651812, 47.161704], [7.651656, 47.161593], [7.651721, 47.161614], [7.651795, 47.161602], [7.652646, 47.161241], [7.653507, 47.160876], [7.653558, 47.160833], [7.653546, 47.160777], [7.652983, 47.159964], [7.65242, 47.159148], [7.651862, 47.158335], [7.65127, 47.157476], [7.651227, 47.157435], [7.651166, 47.157407], [7.651082, 47.157393], [7.651083, 47.157354], [7.650751, 47.157353], [7.650923, 47.156134], [7.650923, 47.156103], [7.65187, 47.156093], [7.651933, 47.156076], [7.651962, 47.156032], [7.652079, 47.155047], [7.652197, 47.15406], [7.652217, 47.153903], [7.65226, 47.153587], [7.652404, 47.152508], [7.652982, 47.152423], [7.652635, 47.151891], [7.652432, 47.151578], [7.652607, 47.151504], [7.65256, 47.151451], [7.652556, 47.151447], [7.652442, 47.151334], [7.651969, 47.150787], [7.651499, 47.150241], [7.651324, 47.150079], [7.651105, 47.14995], [7.650849, 47.149854], [7.650815, 47.149848], [7.650573, 47.149802], [7.650285, 47.149784], [7.649144, 47.14973], [7.649106, 47.149728], [7.649074, 47.149726], [7.647864, 47.149669], [7.647575, 47.149649], [7.647289, 47.149612], [7.647012, 47.149556], [7.646443, 47.149403], [7.646401, 47.149391], [7.645947, 47.149272], [7.645645, 47.149179], [7.645363, 47.149066], [7.645107, 47.148923], [7.64504, 47.148972], [7.64501, 47.148986], [7.6441, 47.149414], [7.643183, 47.149844], [7.643311, 47.150215], [7.643284, 47.150228], [7.64263, 47.15056], [7.642059, 47.15085], [7.641898, 47.150932], [7.641381, 47.151193], [7.640808, 47.151484], [7.640782, 47.151497], [7.640785, 47.152073], [7.640788, 47.152687], [7.640348, 47.153152], [7.639961, 47.153561], [7.638758, 47.153155], [7.638519, 47.15308], [7.636926, 47.152543], [7.635604, 47.152098], [7.635235, 47.152683], [7.634853, 47.153289], [7.634839, 47.153311], [7.634154, 47.153136], [7.634099, 47.153121], [7.634024, 47.153515], [7.633189, 47.153257], [7.632366, 47.153004], [7.632336, 47.152994], [7.63189, 47.153402], [7.631432, 47.15382], [7.631411, 47.15384], [7.630298, 47.153145], [7.629394, 47.152581], [7.629089, 47.152389], [7.628395, 47.152637], [7.627597, 47.152922], [7.627515, 47.15295], [7.627488, 47.152933], [7.626299, 47.15274], [7.625146, 47.152551], [7.625114, 47.152545], [7.624587, 47.152459], [7.623619, 47.152866], [7.623118, 47.153076], [7.622326, 47.153408], [7.62196, 47.153062], [7.621925, 47.15308], [7.621029, 47.153531], [7.620371, 47.153864], [7.619721, 47.154192], [7.61918, 47.154472], [7.619152, 47.154485], [7.61902, 47.154551], [7.618165, 47.154987], [7.617334, 47.155411], [7.617268, 47.155451], [7.616693, 47.155867], [7.616087, 47.156308], [7.616009, 47.156262], [7.615536, 47.156577], [7.61553, 47.15646], [7.615507, 47.156345], [7.61546, 47.156233], [7.615375, 47.156133], [7.614726, 47.155651], [7.614625, 47.155552], [7.614583, 47.155433], [7.614544, 47.154534], [7.614442, 47.154535], [7.614408, 47.154479], [7.614335, 47.154446], [7.613419, 47.154269], [7.612315, 47.154055], [7.611672, 47.153902], [7.611534, 47.153872], [7.610916, 47.153736], [7.610875, 47.153727], [7.609697, 47.153386], [7.608775, 47.153119], [7.607867, 47.152856], [7.607853, 47.152852], [7.607797, 47.152851], [7.607784, 47.15285], [7.606855, 47.152795], [7.605937, 47.15274], [7.604851, 47.152675], [7.604728, 47.152668], [7.604268, 47.152641], [7.602923, 47.152423], [7.602813, 47.152405], [7.601798, 47.152239], [7.601271, 47.152154], [7.600449, 47.152021], [7.59948, 47.151863], [7.59887, 47.151764], [7.597897, 47.151607], [7.597616, 47.151662], [7.596899, 47.151803], [7.596533, 47.151875], [7.596075, 47.151965], [7.595179, 47.152141], [7.594419, 47.15229], [7.593807, 47.15241], [7.592444, 47.152678], [7.592338, 47.152631], [7.59206, 47.152506], [7.591672, 47.152331], [7.591376, 47.152198], [7.589995, 47.151605], [7.588712, 47.151044], [7.588636, 47.15101], [7.588358, 47.150888], [7.587804, 47.150054], [7.587249, 47.149215], [7.586697, 47.148382], [7.586144, 47.147548], [7.586102, 47.147657], [7.58591, 47.148164], [7.585717, 47.148678], [7.58549, 47.149279], [7.585472, 47.149327], [7.585349, 47.149653], [7.585279, 47.14984], [7.585078, 47.150371], [7.585019, 47.150527], [7.584981, 47.150625], [7.58474, 47.151256], [7.58448, 47.151935], [7.584217, 47.15262], [7.583996, 47.1532], [7.583702, 47.153984], [7.583402, 47.154787], [7.583538, 47.154881], [7.583518, 47.154914], [7.583456, 47.155006], [7.582844, 47.155968], [7.582741, 47.155948], [7.582433, 47.155884], [7.582382, 47.155874], [7.582306, 47.155858], [7.582037, 47.155803], [7.581956, 47.155785], [7.581259, 47.15564], [7.581105, 47.155597], [7.581153, 47.155699], [7.581234, 47.155894], [7.58139, 47.15633], [7.581544, 47.156757], [7.581792, 47.157449], [7.581822, 47.157533], [7.581985, 47.15799], [7.582041, 47.158147], [7.58209, 47.158285], [7.582012, 47.158298], [7.581974, 47.158317], [7.581928, 47.158316], [7.581688, 47.158216], [7.581664, 47.158243], [7.581903, 47.158906], [7.581563, 47.159399], [7.581531, 47.159446], [7.581434, 47.159588], [7.581393, 47.159646], [7.581278, 47.159812], [7.581236, 47.159873], [7.581057, 47.160133], [7.581049, 47.160129], [7.580923, 47.16008], [7.580893, 47.160125], [7.580808, 47.160246], [7.580729, 47.16036], [7.580461, 47.160274], [7.580104, 47.160159], [7.579673, 47.160028], [7.57898, 47.160598], [7.578272, 47.161181], [7.577628, 47.161711], [7.577488, 47.161779], [7.576677, 47.162621], [7.576016, 47.163307], [7.575244, 47.164108], [7.574913, 47.164451], [7.57487, 47.164439], [7.574859, 47.164436], [7.573828, 47.16413], [7.572826, 47.163834], [7.571853, 47.163546], [7.571793, 47.163528], [7.571503, 47.163442], [7.571157, 47.163339], [7.570956, 47.163279], [7.570741, 47.163215], [7.570532, 47.163153], [7.570322, 47.163091], [7.570066, 47.163015], [7.569884, 47.162961], [7.569656, 47.162893], [7.569778, 47.162665], [7.569787, 47.162598], [7.569761, 47.162451], [7.569695, 47.162454], [7.569578, 47.162459], [7.569259, 47.162475], [7.568993, 47.162561], [7.568775, 47.162685], [7.568722, 47.162707], [7.568202, 47.162922], [7.567685, 47.16307], [7.567326, 47.16319], [7.567088, 47.163304], [7.56687, 47.163443], [7.566626, 47.163637], [7.56647, 47.163815], [7.566191, 47.163947], [7.565824, 47.164241], [7.565641, 47.16431], [7.565524, 47.164355], [7.565503, 47.164552], [7.565605, 47.164667], [7.56571, 47.164662], [7.565821, 47.164746], [7.565897, 47.165118], [7.565945, 47.165243], [7.565942, 47.165423], [7.565967, 47.165537], [7.565334, 47.165626], [7.564843, 47.165695], [7.564831, 47.165697], [7.564816, 47.165699], [7.564711, 47.165714], [7.564702, 47.165716], [7.564391, 47.165759], [7.564447, 47.165902], [7.564525, 47.166112], [7.56459, 47.166288], [7.564502, 47.166447], [7.563472, 47.168357], [7.562625, 47.168309], [7.561644, 47.168251], [7.561171, 47.168224], [7.560971, 47.168212], [7.56007, 47.16816], [7.559985, 47.168156], [7.559977, 47.168155], [7.559252, 47.168113], [7.559231, 47.168112], [7.559185, 47.168109], [7.55912, 47.168106], [7.558901, 47.168093], [7.558683, 47.168082], [7.558639, 47.168079], [7.558597, 47.168077], [7.558474, 47.168069], [7.558147, 47.168049], [7.557839, 47.168031], [7.557738, 47.167717], [7.557435, 47.167182], [7.557136, 47.166945], [7.556888, 47.166717], [7.55658, 47.166594], [7.556266, 47.166334], [7.55597, 47.166124], [7.555779, 47.166027], [7.555433, 47.165854], [7.555245, 47.165759], [7.555181, 47.165727], [7.554627, 47.165465], [7.554277, 47.165293], [7.553665, 47.1651], [7.552963, 47.164871], [7.552595, 47.164798], [7.552243, 47.164634], [7.551504, 47.164366], [7.551221, 47.164161], [7.550695, 47.163891], [7.550046, 47.163628], [7.549761, 47.163327], [7.549447, 47.16298], [7.549379, 47.162747], [7.54909, 47.162389], [7.548837, 47.162124], [7.548258, 47.161827], [7.547782, 47.161588], [7.547362, 47.161207], [7.546808, 47.160895], [7.546322, 47.160732], [7.54571, 47.160613], [7.545424, 47.160556], [7.545308, 47.160546], [7.544911, 47.16051], [7.544336, 47.160367], [7.544067, 47.160628], [7.543771, 47.160911], [7.543388, 47.161168], [7.542729, 47.161644], [7.542212, 47.162005], [7.542055, 47.162117], [7.541699, 47.162369], [7.541777, 47.16256], [7.540675, 47.163637], [7.540496, 47.16356], [7.538967, 47.163234], [7.537747, 47.162973], [7.536636, 47.162735], [7.536624, 47.162761], [7.535235, 47.162467], [7.534856, 47.163352], [7.534516, 47.16415], [7.534506, 47.164176], [7.533134, 47.163903], [7.532996, 47.163871], [7.532863, 47.163831], [7.53274, 47.163771], [7.532631, 47.163703], [7.531926, 47.163226], [7.531835, 47.163169], [7.531747, 47.163122], [7.531739, 47.163118], [7.531731, 47.163114], [7.531723, 47.16311], [7.531715, 47.163106], [7.531706, 47.163102], [7.531698, 47.163098], [7.53169, 47.163095], [7.531681, 47.163091], [7.531673, 47.163087], [7.531664, 47.163084], [7.531656, 47.16308], [7.531647, 47.163076], [7.531639, 47.163073], [7.53163, 47.16307], [7.531621, 47.163066], [7.531612, 47.163063], [7.531603, 47.163059], [7.531593, 47.163056], [7.531584, 47.163052], [7.531574, 47.163049], [7.531565, 47.163046], [7.531555, 47.163042], [7.531545, 47.163039], [7.531536, 47.163036], [7.531526, 47.163033], [7.531516, 47.16303], [7.531506, 47.163027], [7.531496, 47.163024], [7.531487, 47.163021], [7.531477, 47.163019], [7.531467, 47.163016], [7.531457, 47.163013], [7.531447, 47.163011], [7.531436, 47.163008], [7.531426, 47.163006], [7.531416, 47.163003], [7.531406, 47.163001], [7.531396, 47.162999], [7.531386, 47.162996], [7.531375, 47.162994], [7.529659, 47.162733], [7.528592, 47.162572], [7.527043, 47.162337], [7.527007, 47.162331], [7.526522, 47.162277], [7.526149, 47.162317], [7.526145, 47.162318], [7.526141, 47.162318], [7.526138, 47.162318], [7.526134, 47.162318], [7.52613, 47.162317], [7.526127, 47.162317], [7.526123, 47.162317], [7.52612, 47.162317], [7.526116, 47.162316], [7.526112, 47.162316], [7.526109, 47.162315], [7.526105, 47.162315], [7.526102, 47.162314], [7.526098, 47.162313], [7.526095, 47.162312], [7.526091, 47.162312], [7.526088, 47.162311], [7.526084, 47.16231], [7.526081, 47.162309], [7.526078, 47.162308], [7.526074, 47.162307], [7.526071, 47.162305], [7.526068, 47.162304], [7.526065, 47.162303], [7.526062, 47.162302], [7.526059, 47.1623], [7.526056, 47.162299], [7.526053, 47.162297], [7.52605, 47.162296], [7.526047, 47.162294], [7.526044, 47.162292], [7.526042, 47.162291], [7.526039, 47.162289], [7.526036, 47.162287], [7.526034, 47.162285], [7.526031, 47.162283], [7.526029, 47.162281], [7.526027, 47.162279], [7.526024, 47.162277], [7.526022, 47.162275], [7.52602, 47.162273], [7.526018, 47.16227], [7.526016, 47.162268], [7.526014, 47.162266], [7.526013, 47.162264], [7.526011, 47.162261], [7.526009, 47.162259], [7.526008, 47.162257], [7.526006, 47.162254], [7.526005, 47.162252], [7.526004, 47.162249], [7.526003, 47.162247], [7.526002, 47.162244], [7.526001, 47.162242], [7.526, 47.162239], [7.525999, 47.162237], [7.525999, 47.162234], [7.525998, 47.162232], [7.525998, 47.162229], [7.525998, 47.162227], [7.525997, 47.162224], [7.525997, 47.162221], [7.525773, 47.162208], [7.525798, 47.162146], [7.525819, 47.162058], [7.525965, 47.16144], [7.526046, 47.16106], [7.526001, 47.161055], [7.524424, 47.160887], [7.522809, 47.160715], [7.52277, 47.160712], [7.52293, 47.159989], [7.521096, 47.1598], [7.520561, 47.159773], [7.520409, 47.159173], [7.520338, 47.158891], [7.521501, 47.158706], [7.521674, 47.158664], [7.521652, 47.158636], [7.521797, 47.158553], [7.521896, 47.15844], [7.522234, 47.157864], [7.522485, 47.157437], [7.522453, 47.157395], [7.522464, 47.157365], [7.522677, 47.156945], [7.522891, 47.156524], [7.523176, 47.156013], [7.523183, 47.156], [7.523471, 47.15543], [7.523622, 47.15513], [7.523683, 47.15501], [7.523845, 47.154688], [7.524017, 47.154346], [7.524076, 47.15423], [7.524031, 47.154162], [7.524021, 47.154089], [7.524045, 47.154017], [7.52409, 47.153948], [7.524178, 47.15381], [7.524291, 47.15363], [7.524312, 47.153597], [7.525729, 47.153748], [7.525733, 47.153121], [7.525733, 47.153098], [7.526896, 47.152577], [7.527002, 47.152529], [7.527325, 47.15235], [7.528029, 47.151958], [7.528076, 47.151931], [7.528275, 47.151809], [7.528513, 47.151647], [7.528945, 47.151253], [7.529134, 47.150876], [7.529168, 47.150827], [7.529234, 47.150786], [7.529589, 47.150722], [7.529571, 47.150663], [7.529617, 47.150464], [7.529648, 47.150278], [7.529656, 47.150135], [7.52965, 47.149954], [7.529613, 47.149685], [7.529589, 47.14963], [7.529667, 47.149405], [7.529693, 47.149332], [7.529717, 47.14922], [7.52973, 47.149166], [7.529748, 47.149019], [7.529754, 47.148856], [7.529755, 47.148823], [7.529755, 47.148816], [7.529755, 47.14874], [7.529637, 47.14871], [7.529591, 47.148698], [7.529466, 47.148666], [7.528727, 47.148475], [7.528284, 47.148362], [7.528044, 47.148301], [7.526854, 47.147995], [7.526013, 47.14778], [7.525536, 47.147658], [7.525528, 47.147656], [7.52552, 47.147654], [7.525512, 47.147651], [7.525504, 47.147649], [7.525496, 47.147647], [7.525488, 47.147644], [7.52548, 47.147642], [7.525472, 47.147639], [7.525464, 47.147636], [7.525456, 47.147634], [7.525448, 47.147631], [7.52544, 47.147628], [7.525433, 47.147625], [7.525425, 47.147622], [7.525417, 47.147619], [7.52541, 47.147616], [7.525402, 47.147613], [7.525395, 47.14761], [7.525387, 47.147606], [7.52538, 47.147603], [7.525373, 47.1476], [7.525365, 47.147596], [7.525358, 47.147593], [7.525351, 47.147589], [7.525344, 47.147586], [7.525337, 47.147582], [7.52533, 47.147579], [7.525323, 47.147575], [7.525316, 47.147571], [7.525309, 47.147567], [7.525303, 47.147563], [7.525296, 47.147559], [7.525289, 47.147556], [7.525283, 47.147552], [7.525276, 47.147547], [7.52527, 47.147543], [7.525264, 47.147539], [7.525257, 47.147535], [7.525251, 47.147531], [7.525245, 47.147526], [7.525239, 47.147522], [7.525233, 47.147518], [7.525227, 47.147513], [7.525221, 47.147509], [7.525215, 47.147504], [7.52521, 47.1475], [7.525204, 47.147495], [7.525199, 47.14749], [7.525193, 47.147486], [7.525188, 47.147481], [7.525182, 47.147476], [7.525177, 47.147471], [7.524393, 47.146747], [7.523515, 47.145937], [7.523509, 47.145932], [7.523504, 47.145927], [7.523498, 47.145922], [7.523493, 47.145916], [7.523487, 47.145911], [7.523482, 47.145906], [7.523477, 47.1459], [7.523472, 47.145895], [7.523467, 47.145889], [7.523462, 47.145884], [7.523457, 47.145879], [7.523452, 47.145873], [7.523448, 47.145867], [7.523443, 47.145862], [7.523439, 47.145856], [7.523434, 47.145851], [7.52343, 47.145845], [7.523426, 47.145839], [7.523422, 47.145833], [7.523417, 47.145828], [7.523413, 47.145822], [7.52341, 47.145816], [7.523406, 47.14581], [7.523402, 47.145804], [7.523398, 47.145798], [7.523395, 47.145792], [7.523391, 47.145786], [7.523388, 47.14578], [7.523385, 47.145774], [7.523382, 47.145768], [7.523379, 47.145762], [7.523376, 47.145756], [7.523373, 47.14575], [7.52337, 47.145744], [7.523367, 47.145738], [7.523364, 47.145731], [7.523362, 47.145725], [7.523359, 47.145719], [7.523357, 47.145713], [7.523355, 47.145706], [7.523353, 47.1457], [7.523351, 47.145694], [7.523349, 47.145687], [7.523347, 47.145681], [7.523345, 47.145675], [7.523343, 47.145668], [7.523342, 47.145662], [7.52334, 47.145656], [7.523339, 47.145649], [7.523337, 47.145643], [7.523336, 47.145636], [7.523335, 47.14563], [7.523334, 47.145624], [7.523333, 47.145617], [7.523332, 47.145611], [7.523332, 47.145604], [7.523243, 47.144842], [7.523107, 47.143665], [7.523, 47.142738], [7.522999, 47.142732], [7.522998, 47.142726], [7.522997, 47.142719], [7.522996, 47.142713], [7.522994, 47.142706], [7.522993, 47.1427], [7.522992, 47.142693], [7.52299, 47.142687], [7.522988, 47.142681], [7.522987, 47.142674], [7.522985, 47.142668], [7.522983, 47.142661], [7.522981, 47.142655], [7.522979, 47.142649], [7.522977, 47.142642], [7.522974, 47.142636], [7.522972, 47.14263], [7.522969, 47.142624], [7.522967, 47.142617], [7.522964, 47.142611], [7.522961, 47.142605], [7.522958, 47.142599], [7.522955, 47.142592], [7.522952, 47.142586], [7.522949, 47.14258], [7.522946, 47.142574], [7.522943, 47.142568], [7.522939, 47.142562], [7.522936, 47.142556], [7.522932, 47.14255], [7.522928, 47.142544], [7.522925, 47.142538], [7.522921, 47.142532], [7.522917, 47.142526], [7.522913, 47.14252], [7.522909, 47.142514], [7.522904, 47.142509], [7.5229, 47.142503], [7.522896, 47.142497], [7.522891, 47.142491], [7.522887, 47.142486], [7.522882, 47.14248], [7.522877, 47.142474], [7.522872, 47.142469], [7.522867, 47.142463], [7.522862, 47.142458], [7.522857, 47.142452], [7.522852, 47.142447], [7.522847, 47.142441], [7.522841, 47.142436], [7.522836, 47.142431], [7.52283, 47.142425], [7.522825, 47.14242], [7.522819, 47.142415], [7.522813, 47.14241], [7.522808, 47.142404], [7.522802, 47.142399], [7.522796, 47.142394], [7.52279, 47.142389], [7.522784, 47.142384], [7.522777, 47.142379], [7.522771, 47.142374], [7.522765, 47.142369], [7.522758, 47.142365], [7.522752, 47.14236], [7.522745, 47.142355], [7.522739, 47.142351], [7.522732, 47.142346], [7.522725, 47.142341], [7.522718, 47.142337], [7.522711, 47.142332], [7.522704, 47.142328], [7.522697, 47.142323], [7.52269, 47.142319], [7.522683, 47.142315], [7.522676, 47.142311], [7.522669, 47.142306], [7.522661, 47.142302], [7.522654, 47.142298], [7.522646, 47.142294], [7.521448, 47.141669], [7.519348, 47.140574], [7.519341, 47.14057], [7.519333, 47.140566], [7.519326, 47.140562], [7.519318, 47.140558], [7.519311, 47.140554], [7.519304, 47.14055], [7.519296, 47.140546], [7.519289, 47.140541], [7.519282, 47.140537], [7.519275, 47.140533], [7.519268, 47.140528], [7.519261, 47.140524], [7.519254, 47.14052], [7.519247, 47.140515], [7.51924, 47.14051], [7.519233, 47.140506], [7.519227, 47.140501], [7.51922, 47.140497], [7.519214, 47.140492], [7.519207, 47.140487], [7.519201, 47.140482], [7.519194, 47.140478], [7.519188, 47.140473], [7.519182, 47.140468], [7.519176, 47.140463], [7.51917, 47.140458], [7.519164, 47.140453], [7.519158, 47.140448], [7.519152, 47.140443], [7.519146, 47.140438], [7.51914, 47.140433], [7.519135, 47.140427], [7.519129, 47.140422], [7.519124, 47.140417], [7.519118, 47.140412], [7.519113, 47.140406], [7.519107, 47.140401], [7.519102, 47.140396], [7.519097, 47.14039], [7.519092, 47.140385], [7.517939, 47.139117], [7.517598, 47.138743], [7.516632, 47.137672], [7.516606, 47.137643], [7.516556, 47.137588], [7.515935, 47.136908], [7.515826, 47.136768], [7.514951, 47.135301], [7.51494, 47.135281], [7.513765, 47.133311], [7.513708, 47.133184], [7.513691, 47.133051], [7.513856, 47.130288], [7.513853, 47.130194], [7.513834, 47.1301], [7.513792, 47.13001], [7.513726, 47.129914], [7.509876, 47.125687], [7.509869, 47.12568], [7.509862, 47.125673], [7.509856, 47.125665], [7.509849, 47.125658], [7.509842, 47.125651], [7.509835, 47.125644], [7.509827, 47.125637], [7.50982, 47.12563], [7.509813, 47.125623], [7.509805, 47.125616], [7.509798, 47.125609], [7.50979, 47.125602], [7.509783, 47.125595], [7.509775, 47.125588], [7.509767, 47.125582], [7.509759, 47.125575], [7.509752, 47.125568], [7.509744, 47.125561], [7.509735, 47.125555], [7.509727, 47.125548], [7.509719, 47.125542], [7.509711, 47.125535], [7.509702, 47.125529], [7.509694, 47.125523], [7.509685, 47.125516], [7.509677, 47.12551], [7.509668, 47.125504], [7.509659, 47.125497], [7.509651, 47.125491], [7.509642, 47.125485], [7.507547, 47.124314], [7.504827, 47.122793], [7.504671, 47.12272], [7.504564, 47.122687], [7.504531, 47.122674], [7.504481, 47.122662], [7.501555, 47.122073], [7.499002, 47.121559], [7.498991, 47.121557], [7.49898, 47.121555], [7.49897, 47.121553], [7.498959, 47.12155], [7.498949, 47.121548], [7.498939, 47.121546], [7.498928, 47.121543], [7.498918, 47.121541], [7.498907, 47.121538], [7.498897, 47.121536], [7.498887, 47.121533], [7.498877, 47.121531], [7.498867, 47.121528], [7.498856, 47.121525], [7.498846, 47.121522], [7.498836, 47.121519], [7.498826, 47.121516], [7.498816, 47.121513], [7.498806, 47.12151], [7.498796, 47.121507], [7.498786, 47.121504], [7.498777, 47.1215], [7.498767, 47.121497], [7.498757, 47.121494], [7.498747, 47.12149], [7.498738, 47.121487], [7.498728, 47.121483], [7.498718, 47.121479], [7.498709, 47.121476], [7.498699, 47.121472], [7.49869, 47.121468], [7.498681, 47.121464], [7.498671, 47.12146], [7.498662, 47.121456], [7.498653, 47.121452], [7.498644, 47.121448], [7.498635, 47.121444], [7.498625, 47.12144], [7.498616, 47.121436], [7.498608, 47.121431], [7.498599, 47.121427], [7.49859, 47.121423], [7.498581, 47.121418], [7.498572, 47.121414], [7.498563, 47.121409], [7.498555, 47.121404], [7.498546, 47.121399], [7.498537, 47.121395], [7.498529, 47.12139], [7.49852, 47.121385], [7.498512, 47.12138], [7.498503, 47.121375], [7.498495, 47.121369], [7.498487, 47.121364], [7.498478, 47.121359], [7.49847, 47.121354], [7.498462, 47.121348], [7.498454, 47.121343], [7.498446, 47.121338], [7.498438, 47.121332], [7.498431, 47.121327], [7.498423, 47.121321], [7.498415, 47.121315], [7.498408, 47.12131], [7.4984, 47.121304], [7.498393, 47.121298], [7.496652, 47.120095], [7.493953, 47.118222], [7.492321, 47.117087], [7.492243, 47.11706], [7.491302, 47.116727], [7.491149, 47.116679], [7.48913, 47.116105], [7.484724, 47.114852], [7.479654, 47.11342], [7.475011, 47.112107], [7.473797, 47.111764], [7.466843, 47.109798], [7.46599, 47.109556], [7.461329, 47.108235], [7.461359, 47.108183], [7.461362, 47.108168]]], [[[7.379505, 47.424799], [7.379526, 47.425618], [7.379555, 47.426645], [7.379591, 47.427031], [7.379637, 47.427605], [7.379741, 47.427744], [7.380569, 47.427939], [7.380987, 47.428134], [7.381296, 47.428224], [7.381537, 47.428467], [7.381785, 47.428534], [7.382214, 47.428819], [7.382153, 47.429067], [7.382357, 47.429217], [7.382546, 47.429379], [7.382804, 47.429648], [7.383017, 47.429978], [7.382997, 47.43038], [7.382869, 47.431062], [7.382808, 47.431169], [7.382634, 47.431139], [7.382352, 47.431187], [7.382434, 47.431411], [7.382207, 47.431505], [7.381732, 47.431631], [7.381772, 47.431702], [7.381681, 47.431707], [7.381582, 47.431726], [7.381457, 47.431776], [7.381341, 47.431861], [7.381205, 47.431938], [7.38115, 47.431955], [7.381217, 47.432051], [7.381428, 47.432349], [7.381618, 47.432615], [7.382106, 47.433047], [7.382633, 47.432869], [7.382957, 47.432761], [7.383296, 47.432647], [7.383724, 47.432505], [7.384112, 47.432374], [7.384461, 47.432252], [7.384822, 47.432128], [7.385277, 47.43197], [7.385463, 47.431906], [7.385586, 47.431863], [7.385751, 47.43198], [7.386403, 47.432442], [7.38845, 47.433059], [7.388951, 47.43327], [7.389435, 47.433473], [7.389919, 47.433678], [7.39047, 47.433884], [7.390994, 47.434079], [7.391519, 47.434277], [7.392043, 47.434472], [7.392566, 47.434669], [7.393087, 47.434866], [7.393921, 47.435171], [7.394916, 47.435287], [7.396431, 47.435461], [7.396989, 47.435383], [7.397568, 47.435304], [7.39816, 47.435222], [7.398745, 47.435142], [7.399288, 47.435259], [7.399858, 47.43538], [7.400429, 47.435502], [7.402026, 47.435492], [7.403053, 47.435485], [7.403144, 47.435831], [7.403352, 47.436619], [7.40304, 47.437156], [7.403156, 47.43799], [7.403209, 47.438682], [7.403566, 47.438752], [7.403942, 47.438938], [7.404193, 47.438986], [7.404625, 47.439181], [7.404942, 47.439377], [7.405414, 47.439538], [7.405772, 47.439697], [7.406035, 47.439853], [7.406316, 47.440129], [7.406696, 47.440404], [7.40732, 47.440558], [7.407663, 47.440649], [7.408316, 47.440756], [7.408566, 47.440858], [7.408818, 47.441008], [7.409837, 47.441409], [7.410316, 47.441629], [7.410868, 47.441723], [7.411307, 47.441747], [7.411548, 47.441865], [7.411658, 47.441827], [7.412159, 47.442003], [7.412369, 47.442023], [7.412839, 47.442237], [7.413204, 47.442267], [7.413927, 47.442554], [7.414403, 47.442602], [7.414541, 47.442739], [7.415024, 47.44284], [7.415208, 47.44271], [7.41538, 47.44309], [7.415703, 47.443225], [7.416077, 47.44347], [7.416423, 47.443456], [7.416557, 47.443641], [7.417044, 47.443504], [7.41697, 47.443831], [7.417264, 47.444118], [7.417774, 47.444288], [7.41801, 47.44424], [7.418156, 47.444446], [7.418379, 47.444538], [7.418675, 47.444747], [7.419146, 47.444955], [7.419434, 47.445003], [7.419845, 47.445266], [7.420086, 47.44531], [7.42024, 47.445443], [7.420556, 47.445575], [7.42091, 47.445949], [7.421733, 47.44514], [7.422889, 47.44411], [7.423449, 47.443609], [7.425426, 47.443287], [7.427221, 47.443643], [7.429296, 47.444055], [7.431541, 47.444606], [7.433907, 47.445184], [7.435341, 47.445534], [7.436315, 47.445772], [7.437846, 47.44633], [7.438037, 47.446145], [7.438454, 47.44574], [7.439071, 47.445142], [7.438845, 47.445016], [7.439373, 47.444476], [7.438692, 47.444199], [7.438942, 47.443962], [7.439289, 47.443602], [7.439508, 47.443355], [7.439905, 47.443487], [7.440372, 47.443255], [7.442166, 47.442332], [7.443183, 47.441159], [7.445728, 47.439177], [7.448415, 47.437735], [7.450628, 47.435356], [7.450749, 47.435197], [7.450986, 47.434884], [7.451173, 47.434634], [7.451102, 47.434407], [7.451157, 47.433729], [7.451508, 47.433131], [7.451862, 47.432801], [7.452045, 47.432494], [7.452015, 47.431908], [7.452148, 47.43138], [7.452387, 47.431029], [7.452565, 47.430915], [7.452866, 47.430789], [7.453571, 47.42993], [7.453758, 47.429833], [7.454523, 47.429378], [7.45499, 47.429102], [7.455095, 47.428595], [7.455592, 47.427925], [7.454829, 47.425863], [7.45466, 47.425462], [7.454039, 47.424859], [7.453559, 47.42442], [7.453265, 47.424125], [7.452965, 47.423834], [7.452499, 47.423405], [7.452197, 47.423108], [7.451796, 47.422756], [7.451654, 47.422447], [7.45034, 47.419524], [7.45042, 47.419338], [7.450478, 47.419014], [7.450433, 47.418768], [7.450295, 47.418401], [7.450288, 47.418066], [7.450371, 47.417791], [7.450234, 47.417527], [7.449817, 47.417186], [7.449313, 47.41663], [7.448941, 47.416232], [7.44864, 47.415788], [7.448413, 47.41507], [7.447497, 47.414488], [7.447038, 47.414322], [7.446624, 47.414206], [7.446071, 47.41407], [7.44559, 47.413978], [7.445158, 47.413907], [7.444928, 47.413825], [7.444768, 47.413743], [7.444515, 47.413628], [7.444233, 47.413548], [7.443763, 47.413448], [7.44364, 47.413434], [7.44336, 47.413427], [7.442857, 47.413409], [7.442136, 47.413379], [7.441769, 47.41343], [7.441422, 47.413396], [7.441143, 47.413384], [7.440891, 47.41329], [7.440486, 47.413222], [7.44029, 47.413177], [7.439912, 47.413153], [7.439753, 47.413136], [7.439724, 47.413092], [7.439354, 47.413001], [7.439131, 47.412922], [7.438875, 47.412893], [7.438581, 47.412814], [7.438166, 47.412745], [7.438111, 47.412743], [7.43757, 47.412802], [7.437431, 47.412849], [7.437283, 47.412866], [7.436966, 47.412835], [7.43669, 47.412814], [7.436277, 47.412911], [7.436145, 47.412949], [7.435945, 47.412943], [7.435366, 47.413053], [7.435117, 47.413155], [7.434945, 47.413168], [7.434646, 47.41323], [7.434249, 47.413353], [7.433675, 47.413558], [7.433391, 47.413669], [7.432578, 47.413907], [7.431897, 47.414013], [7.431303, 47.414139], [7.430962, 47.41415], [7.43066, 47.414183], [7.429644, 47.414312], [7.429056, 47.414346], [7.428473, 47.414359], [7.427489, 47.414485], [7.427196, 47.414181], [7.426898, 47.413889], [7.426686, 47.413804], [7.42628, 47.413606], [7.425723, 47.413397], [7.425278, 47.413281], [7.424573, 47.413312], [7.424341, 47.41326], [7.423316, 47.413066], [7.421519, 47.411662], [7.421286, 47.411364], [7.42075, 47.411103], [7.420034, 47.411109], [7.419545, 47.411077], [7.419162, 47.411091], [7.418882, 47.41112], [7.418445, 47.411136], [7.417887, 47.411116], [7.417437, 47.411189], [7.417061, 47.411213], [7.41702, 47.411116], [7.416568, 47.411069], [7.415941, 47.411032], [7.415386, 47.411051], [7.414652, 47.411011], [7.413714, 47.410933], [7.413109, 47.410976], [7.412563, 47.411007], [7.412018, 47.411106], [7.411621, 47.41123], [7.411415, 47.411251], [7.411124, 47.411241], [7.410824, 47.411296], [7.410369, 47.411355], [7.410031, 47.411321], [7.409793, 47.411241], [7.408258, 47.411281], [7.407656, 47.411189], [7.407439, 47.411226], [7.407002, 47.411249], [7.406429, 47.411319], [7.405969, 47.411413], [7.405198, 47.411504], [7.404595, 47.411714], [7.40396, 47.411786], [7.403156, 47.411838], [7.402619, 47.411796], [7.402083, 47.411858], [7.40147, 47.411895], [7.401006, 47.412007], [7.400453, 47.412123], [7.400268, 47.412104], [7.399524, 47.412249], [7.398955, 47.412434], [7.398594, 47.412485], [7.398237, 47.41256], [7.39771, 47.412712], [7.396953, 47.412873], [7.396681, 47.412807], [7.396378, 47.412875], [7.395982, 47.412859], [7.395878, 47.41297], [7.395262, 47.412959], [7.395062, 47.413125], [7.394187, 47.413207], [7.394101, 47.413184], [7.393828, 47.41304], [7.393531, 47.41308], [7.392858, 47.41322], [7.392622, 47.413258], [7.392403, 47.413309], [7.391929, 47.413335], [7.391579, 47.413494], [7.391221, 47.413495], [7.390909, 47.413478], [7.390592, 47.41352], [7.390172, 47.413558], [7.389884, 47.413612], [7.389495, 47.413647], [7.389024, 47.41375], [7.388423, 47.413898], [7.388276, 47.413956], [7.388043, 47.41401], [7.387604, 47.414051], [7.387258, 47.413869], [7.386907, 47.413799], [7.386435, 47.41381], [7.385676, 47.413867], [7.385612, 47.41362], [7.384995, 47.413533], [7.384362, 47.413501], [7.38362, 47.413426], [7.383067, 47.413378], [7.382586, 47.413334], [7.382267, 47.413305], [7.381802, 47.413297], [7.381534, 47.413314], [7.38106, 47.413417], [7.380693, 47.413496], [7.380233, 47.413714], [7.379568, 47.413777], [7.379128, 47.413843], [7.378432, 47.413978], [7.377852, 47.414011], [7.377598, 47.414073], [7.377327, 47.414079], [7.376591, 47.414027], [7.375951, 47.414104], [7.376027, 47.415103], [7.376561, 47.416584], [7.377122, 47.418049], [7.379023, 47.421257], [7.379229, 47.423143], [7.379278, 47.423394], [7.379483, 47.424001], [7.379505, 47.424799]]], [[[7.449379, 47.466671], [7.449891, 47.467216], [7.450207, 47.467524], [7.451463, 47.46836], [7.452674, 47.469252], [7.453892, 47.470141], [7.455032, 47.47065], [7.455207, 47.470661], [7.45583, 47.470705], [7.455853, 47.470927], [7.456006, 47.471198], [7.456168, 47.471926], [7.456345, 47.472749], [7.455742, 47.473381], [7.454321, 47.473783], [7.45276, 47.474493], [7.451413, 47.475138], [7.451106, 47.474909], [7.450178, 47.475335], [7.448407, 47.473792], [7.447378, 47.474647], [7.446523, 47.475289], [7.446407, 47.475621], [7.446345, 47.476438], [7.445979, 47.47684], [7.444437, 47.477592], [7.443616, 47.478519], [7.443089, 47.478675], [7.442538, 47.478835], [7.441611, 47.478101], [7.440272, 47.4787], [7.438879, 47.479324], [7.438791, 47.479259], [7.43752, 47.479951], [7.436219, 47.48066], [7.434883, 47.480757], [7.434418, 47.480536], [7.432596, 47.481376], [7.43213, 47.481014], [7.431858, 47.481162], [7.430781, 47.48205], [7.429396, 47.482945], [7.429051, 47.482656], [7.428128, 47.48246], [7.427096, 47.48172], [7.425762, 47.481291], [7.424088, 47.481197], [7.423446, 47.481059], [7.422064, 47.480822], [7.421367, 47.48061], [7.420821, 47.480371], [7.421512, 47.481224], [7.422072, 47.482568], [7.422321, 47.483919], [7.423533, 47.485053], [7.424495, 47.486133], [7.425412, 47.487611], [7.425757, 47.488462], [7.426983, 47.489708], [7.428998, 47.491081], [7.429755, 47.493583], [7.430664, 47.494663], [7.43148, 47.495627], [7.432396, 47.496469], [7.433147, 47.497173], [7.434989, 47.498106], [7.436925, 47.49708], [7.438776, 47.496436], [7.439669, 47.496132], [7.440405, 47.495606], [7.441095, 47.49511], [7.442281, 47.494755], [7.444555, 47.494161], [7.446101, 47.493861], [7.44709, 47.493407], [7.449145, 47.491855], [7.448797, 47.491678], [7.450834, 47.490317], [7.453278, 47.489857], [7.455092, 47.489486], [7.45604, 47.489126], [7.456409, 47.488505], [7.459113, 47.488755], [7.460685, 47.489273], [7.461227, 47.488767], [7.462389, 47.489057], [7.463866, 47.487384], [7.464203, 47.487496], [7.464881, 47.486516], [7.466091, 47.48476], [7.46696, 47.484012], [7.467417, 47.48373], [7.468249, 47.483307], [7.468809, 47.482979], [7.469287, 47.482409], [7.469634, 47.481803], [7.469957, 47.481375], [7.470399, 47.481027], [7.470764, 47.480738], [7.472012, 47.480388], [7.473083, 47.480564], [7.473536, 47.48064], [7.47421, 47.480386], [7.474926, 47.480312], [7.475801, 47.480107], [7.477079, 47.480077], [7.477899, 47.48024], [7.478513, 47.480445], [7.479524, 47.480754], [7.480945, 47.481102], [7.481685, 47.481146], [7.482531, 47.481282], [7.483286, 47.481381], [7.483761, 47.481347], [7.48446, 47.481571], [7.485061, 47.481677], [7.48592, 47.481852], [7.487045, 47.482017], [7.487282, 47.482018], [7.487626, 47.482139], [7.489654, 47.483216], [7.491618, 47.484672], [7.492188, 47.485473], [7.493028, 47.487078], [7.49347, 47.488082], [7.493549, 47.488164], [7.493799, 47.488416], [7.494073, 47.488445], [7.494696, 47.488547], [7.495052, 47.488525], [7.495583, 47.488615], [7.495926, 47.488685], [7.496529, 47.488832], [7.496848, 47.488986], [7.498098, 47.48894], [7.498194, 47.489386], [7.498464, 47.489798], [7.498712, 47.489852], [7.498813, 47.490078], [7.498888, 47.49016], [7.499472, 47.490543], [7.499672, 47.490719], [7.499815, 47.490863], [7.499946, 47.491021], [7.501014, 47.490851], [7.501171, 47.490545], [7.502455, 47.490774], [7.501901, 47.491936], [7.501318, 47.493156], [7.501144, 47.49352], [7.50186, 47.493793], [7.504213, 47.494851], [7.505241, 47.4954], [7.506673, 47.495935], [7.508414, 47.496449], [7.510946, 47.496959], [7.511073, 47.497032], [7.510461, 47.498381], [7.509924, 47.499539], [7.509629, 47.500092], [7.509299, 47.500761], [7.508761, 47.502347], [7.509647, 47.502512], [7.510452, 47.502632], [7.511059, 47.502691], [7.511671, 47.502701], [7.511968, 47.500699], [7.512232, 47.498922], [7.512327, 47.498873], [7.514104, 47.499005], [7.514651, 47.497984], [7.514761, 47.497774], [7.514882, 47.497785], [7.514989, 47.49778], [7.515248, 47.497742], [7.515413, 47.497707], [7.516507, 47.497474], [7.517525, 47.49726], [7.519068, 47.496948], [7.519085, 47.496944], [7.519103, 47.496922], [7.519598, 47.496839], [7.519615, 47.496836], [7.519632, 47.496833], [7.519649, 47.49683], [7.519666, 47.496828], [7.519683, 47.496825], [7.5197, 47.496823], [7.519717, 47.49682], [7.519734, 47.496818], [7.519751, 47.496816], [7.519768, 47.496814], [7.519785, 47.496811], [7.519802, 47.496809], [7.51982, 47.496807], [7.519837, 47.496805], [7.519854, 47.496804], [7.519871, 47.496802], [7.519888, 47.4968], [7.519905, 47.496798], [7.519923, 47.496797], [7.51994, 47.496795], [7.519957, 47.496794], [7.519975, 47.496792], [7.519992, 47.496791], [7.520009, 47.49679], [7.520026, 47.496789], [7.520044, 47.496787], [7.520061, 47.496786], [7.520078, 47.496785], [7.520096, 47.496784], [7.520113, 47.496784], [7.52013, 47.496783], [7.520148, 47.496782], [7.520165, 47.496781], [7.520183, 47.496781], [7.5202, 47.49678], [7.520217, 47.49678], [7.520235, 47.496779], [7.520252, 47.496779], [7.52027, 47.496779], [7.520287, 47.496779], [7.520999, 47.496773], [7.521029, 47.496773], [7.521059, 47.496772], [7.521089, 47.496772], [7.521119, 47.496772], [7.521149, 47.496772], [7.521179, 47.496772], [7.521209, 47.496773], [7.521239, 47.496773], [7.521269, 47.496773], [7.5213, 47.496773], [7.52133, 47.496774], [7.52136, 47.496774], [7.52139, 47.496775], [7.52142, 47.496775], [7.52145, 47.496776], [7.52148, 47.496777], [7.52151, 47.496778], [7.52154, 47.496778], [7.52157, 47.496779], [7.5216, 47.49678], [7.52163, 47.496781], [7.52166, 47.496782], [7.522811, 47.496826], [7.523644, 47.496872], [7.523669, 47.496874], [7.523693, 47.496875], [7.523717, 47.496876], [7.523741, 47.496878], [7.523765, 47.49688], [7.52379, 47.496881], [7.523814, 47.496883], [7.523838, 47.496885], [7.523862, 47.496887], [7.523886, 47.496889], [7.523911, 47.496891], [7.523935, 47.496893], [7.523959, 47.496895], [7.523983, 47.496898], [7.524007, 47.4969], [7.524031, 47.496902], [7.524055, 47.496905], [7.524079, 47.496907], [7.524103, 47.49691], [7.524127, 47.496913], [7.524563, 47.496961], [7.525818, 47.497088], [7.526091, 47.497122], [7.526128, 47.497127], [7.526164, 47.497132], [7.526201, 47.497136], [7.526238, 47.497141], [7.526275, 47.497145], [7.526312, 47.497149], [7.526349, 47.497154], [7.526386, 47.497158], [7.526394, 47.497122], [7.52644, 47.497128], [7.526486, 47.497133], [7.526531, 47.497138], [7.526577, 47.497143], [7.526623, 47.497148], [7.526668, 47.497153], [7.526714, 47.497158], [7.52676, 47.497163], [7.526806, 47.497167], [7.526851, 47.497172], [7.526897, 47.497177], [7.526943, 47.497181], [7.526989, 47.497186], [7.527035, 47.49719], [7.527081, 47.497194], [7.527126, 47.497199], [7.527172, 47.497203], [7.527218, 47.497207], [7.527252, 47.49721], [7.527286, 47.497213], [7.52732, 47.497216], [7.527354, 47.497218], [7.527388, 47.497221], [7.527422, 47.497224], [7.527456, 47.497226], [7.52749, 47.497229], [7.527524, 47.497231], [7.527558, 47.497234], [7.527592, 47.497236], [7.527626, 47.497238], [7.52766, 47.49724], [7.527694, 47.497242], [7.527728, 47.497244], [7.527762, 47.497246], [7.527796, 47.497248], [7.52783, 47.49725], [7.527864, 47.497252], [7.527898, 47.497253], [7.527933, 47.497255], [7.527967, 47.497256], [7.528001, 47.497258], [7.528035, 47.497259], [7.528444, 47.497275], [7.52846, 47.497275], [7.528476, 47.497276], [7.528492, 47.497276], [7.528508, 47.497277], [7.528524, 47.497277], [7.52854, 47.497277], [7.528556, 47.497277], [7.528572, 47.497278], [7.528589, 47.497278], [7.528605, 47.497278], [7.528621, 47.497278], [7.528637, 47.497277], [7.528653, 47.497277], [7.528669, 47.497277], [7.528685, 47.497277], [7.528701, 47.497276], [7.529077, 47.497266], [7.529101, 47.497265], [7.529124, 47.497265], [7.529148, 47.497264], [7.529171, 47.497264], [7.529195, 47.497264], [7.529218, 47.497263], [7.529242, 47.497263], [7.529265, 47.497263], [7.529289, 47.497263], [7.529312, 47.497263], [7.529336, 47.497263], [7.529359, 47.497263], [7.529383, 47.497263], [7.529406, 47.497263], [7.52943, 47.497264], [7.529453, 47.497264], [7.529477, 47.497264], [7.5295, 47.497265], [7.529524, 47.497265], [7.529547, 47.497266], [7.529571, 47.497266], [7.529594, 47.497267], [7.529618, 47.497268], [7.529641, 47.497269], [7.529665, 47.49727], [7.529688, 47.497271], [7.529712, 47.497272], [7.529735, 47.497273], [7.530533, 47.497311], [7.531795, 47.497404], [7.531799, 47.497392], [7.532531, 47.49544], [7.532538, 47.495349], [7.532689, 47.493161], [7.532609, 47.490974], [7.536237, 47.491057], [7.536325, 47.48865], [7.536216, 47.488139], [7.53611, 47.486561], [7.535976, 47.485245], [7.536702, 47.485056], [7.536673, 47.484961], [7.536332, 47.483837], [7.536266, 47.483846], [7.535065, 47.482034], [7.534633, 47.481314], [7.534265, 47.4807], [7.534116, 47.480329], [7.534032, 47.480119], [7.533796, 47.479639], [7.53358, 47.479208], [7.533259, 47.478569], [7.533126, 47.478295], [7.531721, 47.478302], [7.531101, 47.478306], [7.530322, 47.478327], [7.529768, 47.478003], [7.529119, 47.477957], [7.528994, 47.477607], [7.528817, 47.477111], [7.528264, 47.475947], [7.527802, 47.474791], [7.527451, 47.473911], [7.527918, 47.471603], [7.528473, 47.469356], [7.528732, 47.46831], [7.528888, 47.467699], [7.528978, 47.467343], [7.52912, 47.466777], [7.529342, 47.465908], [7.529482, 47.465375], [7.529749, 47.464467], [7.530019, 47.463461], [7.530141, 47.462989], [7.53026, 47.462531], [7.53043, 47.461992], [7.530553, 47.461606], [7.530685, 47.461193], [7.527845, 47.461034], [7.523288, 47.460996], [7.519888, 47.461014], [7.517459, 47.461025], [7.516338, 47.460793], [7.515097, 47.46056], [7.514415, 47.460343], [7.51356, 47.459989], [7.51308, 47.459773], [7.512258, 47.459397], [7.51176, 47.459199], [7.511103, 47.458939], [7.510486, 47.458776], [7.509833, 47.458672], [7.50928, 47.458644], [7.508587, 47.458664], [7.507753, 47.458672], [7.507147, 47.458646], [7.506412, 47.45865], [7.505239, 47.45872], [7.504151, 47.458929], [7.50304, 47.459134], [7.502071, 47.459265], [7.499373, 47.459564], [7.498216, 47.459691], [7.496962, 47.459659], [7.496351, 47.459405], [7.495069, 47.459302], [7.495052, 47.459301], [7.493945, 47.459097], [7.493235, 47.459053], [7.492362, 47.458977], [7.491644, 47.45885], [7.490633, 47.45866], [7.489949, 47.458494], [7.489189, 47.458365], [7.488313, 47.45821], [7.487678, 47.458069], [7.486736, 47.4579], [7.486026, 47.457717], [7.485664, 47.457604], [7.485233, 47.457529], [7.484728, 47.457398], [7.484531, 47.457216], [7.483995, 47.456987], [7.483462, 47.45676], [7.482894, 47.456512], [7.482147, 47.456182], [7.481553, 47.45593], [7.481017, 47.455702], [7.480513, 47.455494], [7.480075, 47.455481], [7.479687, 47.455473], [7.479207, 47.455469], [7.478169, 47.45545], [7.477477, 47.455441], [7.476866, 47.455426], [7.475496, 47.455208], [7.474306, 47.455017], [7.473321, 47.454862], [7.472461, 47.454727], [7.471624, 47.454595], [7.470914, 47.454481], [7.470103, 47.454315], [7.469569, 47.454206], [7.468815, 47.45405], [7.468145, 47.453912], [7.467792, 47.453668], [7.467325, 47.453343], [7.466552, 47.452808], [7.4659, 47.452597], [7.465234, 47.452382], [7.464666, 47.452199], [7.463719, 47.451887], [7.46275, 47.451562], [7.462443, 47.451447], [7.461661, 47.451154], [7.46093, 47.450884], [7.460183, 47.450605], [7.459265, 47.450265], [7.458251, 47.449892], [7.457465, 47.449606], [7.456517, 47.44926], [7.454817, 47.449235], [7.454382, 47.449922], [7.454204, 47.450195], [7.453917, 47.450647], [7.453477, 47.451342], [7.45281, 47.451942], [7.451993, 47.452668], [7.451677, 47.45295], [7.451362, 47.453234], [7.450812, 47.453715], [7.449973, 47.454469], [7.449568, 47.45483], [7.448491, 47.455793], [7.447884, 47.456332], [7.447175, 47.456962], [7.446805, 47.457667], [7.44668, 47.457902], [7.446365, 47.45849], [7.446114, 47.458978], [7.446054, 47.459512], [7.446005, 47.459942], [7.445955, 47.460396], [7.445896, 47.460888], [7.445848, 47.461301], [7.44577, 47.461977], [7.445219, 47.462382], [7.445478, 47.462664], [7.445905, 47.463156], [7.446614, 47.46361], [7.446869, 47.463773], [7.447983, 47.464462], [7.448595, 47.465096], [7.448714, 47.46545], [7.449013, 47.466122], [7.449379, 47.466671]]], [[[7.675818, 47.157335], [7.676294, 47.157849], [7.676536, 47.158111], [7.676651, 47.158291], [7.677138, 47.159057], [7.677765, 47.160042], [7.677812, 47.160095], [7.677839, 47.16023], [7.678089, 47.161552], [7.678118, 47.161624], [7.678172, 47.161698], [7.678716, 47.162282], [7.679542, 47.163151], [7.680039, 47.162901], [7.680539, 47.162698], [7.681013, 47.162469], [7.681126, 47.162415], [7.681165, 47.162395], [7.681078, 47.162185], [7.68125, 47.162177], [7.681564, 47.1622], [7.68183, 47.162207], [7.682042, 47.162483], [7.681866, 47.162546], [7.681572, 47.162626], [7.681688, 47.162845], [7.681694, 47.162874], [7.681733, 47.163079], [7.681848, 47.163248], [7.681873, 47.163285], [7.682242, 47.163657], [7.682258, 47.163672], [7.682266, 47.163679], [7.682413, 47.163807], [7.682436, 47.163823], [7.682568, 47.163916], [7.682659, 47.163979], [7.682995, 47.164161], [7.683255, 47.164303], [7.68331, 47.164324], [7.68348, 47.16439], [7.683787, 47.16451], [7.683887, 47.164543], [7.684007, 47.164601], [7.684157, 47.164676], [7.684215, 47.164697], [7.684413, 47.164769], [7.68451, 47.164805], [7.684593, 47.16485], [7.684869, 47.164997], [7.684949, 47.165037], [7.685062, 47.165093], [7.684861, 47.16526], [7.684642, 47.165448], [7.684606, 47.165524], [7.684542, 47.165657], [7.684575, 47.165727], [7.684652, 47.165894], [7.684659, 47.165908], [7.684805, 47.166031], [7.68488, 47.166095], [7.685022, 47.166154], [7.685351, 47.166292], [7.685372, 47.166301], [7.685778, 47.16637], [7.685841, 47.166381], [7.686354, 47.166409], [7.686488, 47.16639], [7.686826, 47.166575], [7.686898, 47.166582], [7.687021, 47.166577], [7.687092, 47.166597], [7.687448, 47.166624], [7.688051, 47.166682], [7.688512, 47.16673], [7.688612, 47.166639], [7.688686, 47.166572], [7.688847, 47.166426], [7.688948, 47.166332], [7.687896, 47.165489], [7.687904, 47.165296], [7.687901, 47.165255], [7.688503, 47.165193], [7.689133, 47.165116], [7.689438, 47.165077], [7.690523, 47.164886], [7.690566, 47.164878], [7.690953, 47.164808], [7.690961, 47.164805], [7.69156, 47.16459], [7.691882, 47.164378], [7.691926, 47.164351], [7.692169, 47.164207], [7.692521, 47.164484], [7.692646, 47.164082], [7.692647, 47.16408], [7.692822, 47.163756], [7.692845, 47.163715], [7.693087, 47.163494], [7.693239, 47.163356], [7.693581, 47.163094], [7.693975, 47.162815], [7.694037, 47.162782], [7.694146, 47.162722], [7.694184, 47.162702], [7.694406, 47.162582], [7.694485, 47.162419], [7.694424, 47.162005], [7.695025, 47.161905], [7.695581, 47.161907], [7.696213, 47.161912], [7.696948, 47.161889], [7.69696, 47.161916], [7.696973, 47.161916], [7.697025, 47.161914], [7.697838, 47.161885], [7.698522, 47.16186], [7.698937, 47.161845], [7.699862, 47.161811], [7.700804, 47.161777], [7.700783, 47.161746], [7.700318, 47.161058], [7.700267, 47.161075], [7.700221, 47.160978], [7.700033, 47.161], [7.699838, 47.160996], [7.699649, 47.160967], [7.69948, 47.160901], [7.69933, 47.160816], [7.698483, 47.160046], [7.697511, 47.159165], [7.696315, 47.158094], [7.695663, 47.157509], [7.695531, 47.157557], [7.694999, 47.157746], [7.693974, 47.158111], [7.693827, 47.158163], [7.693785, 47.158129], [7.693458, 47.157715], [7.693417, 47.157669], [7.693093, 47.157299], [7.692978, 47.157145], [7.692442, 47.156239], [7.691892, 47.155306], [7.691751, 47.154998], [7.691738, 47.154967], [7.69168, 47.154841], [7.69148, 47.154472], [7.691218, 47.154086], [7.690836, 47.153666], [7.690752, 47.153552], [7.690646, 47.153329], [7.690439, 47.152805], [7.6904, 47.152729], [7.690341, 47.152659], [7.690261, 47.1526], [7.690158, 47.152559], [7.689972, 47.152565], [7.689567, 47.152664], [7.689232, 47.152714], [7.688639, 47.152773], [7.6883, 47.152815], [7.688246, 47.152841], [7.688116, 47.152901], [7.68769, 47.153125], [7.687644, 47.153176], [7.687584, 47.153175], [7.68708, 47.153164], [7.687027, 47.153162], [7.686782, 47.153209], [7.686645, 47.153234], [7.686438, 47.153273], [7.686184, 47.153318], [7.685973, 47.153385], [7.685803, 47.153438], [7.685581, 47.153481], [7.685464, 47.153503], [7.685261, 47.153529], [7.685082, 47.153554], [7.684713, 47.153632], [7.684322, 47.153715], [7.683956, 47.153794], [7.683652, 47.15386], [7.683592, 47.153879], [7.683268, 47.153976], [7.682647, 47.15414], [7.682623, 47.154146], [7.68215, 47.154155], [7.682031, 47.154162], [7.68173, 47.154179], [7.681413, 47.15421], [7.681107, 47.154239], [7.680631, 47.154278], [7.680434, 47.154295], [7.680105, 47.154327], [7.67976, 47.154264], [7.67947, 47.154174], [7.679208, 47.154094], [7.679083, 47.154061], [7.678574, 47.153929], [7.678329, 47.153877], [7.678065, 47.153819], [7.677901, 47.153785], [7.67762, 47.15371], [7.677482, 47.153673], [7.677464, 47.153668], [7.67698, 47.153565], [7.676537, 47.153471], [7.676056, 47.153396], [7.675755, 47.15333], [7.67527, 47.153241], [7.675074, 47.153415], [7.674786, 47.153668], [7.674665, 47.15377], [7.674428, 47.153973], [7.674573, 47.154151], [7.674856, 47.154371], [7.67508, 47.154579], [7.675279, 47.154781], [7.675843, 47.15523], [7.67554, 47.155352], [7.675501, 47.155368], [7.676062, 47.156043], [7.675099, 47.15646], [7.674992, 47.156442], [7.675101, 47.15656], [7.675818, 47.157335]]]], "type": "MultiPolygon"}, "id": "ch.so.agi.kantonsgrenzen.704304", "properties": {"kantonskuerzel": "SO", "kantonsname": "Solothurn"}, "type": "Feature"}]}